订单编号,单据编号,单据类型,商品编号,商户订单号,商品名称,费用发生时间,费用计费时间,费用结算时间,费用项,金额,币种,商家应收/应付,钱包结算备注,店铺号,京东门店编号,品牌门店编号,门店名称,备注,收支方向,账单日期,商品数量
="3425494010209815",="50700126030218632925920107",订单,="0",="202603030000011463290270031",,2026-03-02 10:48:07,2026-03-02 15:29:12,2026-03-03 08:43:52,商品保险服务费,-0.92,CNY,应付,2026年3月2日商家结算款,21796493,,,,JD50333425494010209815,支出,20260302,0
="3425494010209815",="50700126030218633000537807",订单,="0",="202603030000011463290270031",,2026-03-02 10:48:07,2026-03-02 15:32:33,2026-03-03 08:43:52,商品保险服务费,-4.73,CNY,应付,2026年3月2日商家结算款,21796493,,,,JD50133425494010209815,支出,20260302,0
="3425437008490625",="50700126030218632919950907",非销售单,="0",="202603030000011463290270031",,2026-03-02 11:56:23,2026-03-02 15:29:14,2026-03-03 08:43:52,运费保险服务费,-0.20,CNY,应付,2026年3月2日商家结算款,21796493,,,,JD60773425437008490625,支出,20260302,0
="3420423007260012",="10100126030218627622374207",订单,="10176597499228",="202603030000011463290270031","天旗防爆电动扳手无刷大扭力轮胎汽修工具化工厂风炮套筒冲击扳手 600N,M 4A/21V【俩电一充】",2026-02-25 08:28:44,2026-02-25 08:32:13,2026-03-03 08:43:52,货款,1629.00,CNY,应收,2026年3月2日商家结算款,21796493,,,,,收入,20260302,1
="3425494010209815",="50700126030218632942331607",非销售单,="0",="202603030000011463290270031",,2026-03-02 10:48:07,2026-03-02 15:29:56,2026-03-03 08:43:52,运费保险服务费,-1.07,CNY,应付,2026年3月2日商家结算款,21796493,,,,JD59993425494010209815,支出,20260302,0
="3425494010209815",="50700126030218632923418407",非销售单,="0",="202603030000011463290270031",,2026-03-02 10:48:07,2026-03-02 15:29:01,2026-03-03 08:43:52,运费保险服务费,-0.21,CNY,应付,2026年3月2日商家结算款,21796493,,,,JD60773425494010209815,支出,20260302,0
="3423483003585737",="50700126030218620822371707",订单,="0",="202603030000011463290270031",,2026-02-28 15:27:27,2026-03-02 09:04:13,2026-03-03 08:43:52,商品保险服务费,-2.25,CNY,应付,2026年3月2日商家结算款,21796493,,,,JD50133423483003585737,支出,20260302,0
="3425437008490625",="50700126030218632920252307",订单,="0",="202603030000011463290270031",,2026-03-02 11:56:23,2026-03-02 15:29:12,2026-03-03 08:43:52,商品保险服务费,-0.92,CNY,应付,2026年3月2日商家结算款,21796493,,,,JD50333425437008490625,支出,20260302,0
="3425437008490625",="50700126030218632979534307",订单,="0",="202603030000011463290270031",,2026-03-02 11:56:23,2026-03-02 15:31:34,2026-03-03 08:43:52,商品保险服务费,-4.74,CNY,应付,2026年3月2日商家结算款,21796493,,,,JD50133425437008490625,支出,20260302,0
="3420423007260012",="10100126030218627622375107",订单,="10176597499228",="202603030000011463290270031","天旗防爆电动扳手无刷大扭力轮胎汽修工具化工厂风炮套筒冲击扳手 600N,M 4A/21V【俩电一充】",2026-02-25 08:28:44,2026-02-25 08:32:13,2026-03-03 08:43:52,交易服务费,-9.77,CNY,应付,2026年3月2日商家结算款,21796493,,,,,支出,20260302,1
="3425437008490625",="50700126030218632997679407",非销售单,="0",="202603030000011463290270031",,2026-03-02 11:56:23,2026-03-02 15:32:02,2026-03-03 08:43:52,运费保险服务费,-1.01,CNY,应付,2026年3月2日商家结算款,21796493,,,,JD59993425437008490625,支出,20260302,0
="3420423007260012",="10100126030218627622374907",订单,="10176597499228",="202603030000011463290270031","天旗防爆电动扳手无刷大扭力轮胎汽修工具化工厂风炮套筒冲击扳手 600N,M 4A/21V【俩电一充】",2026-02-25 08:28:44,2026-02-25 08:32:13,2026-03-03 08:43:52,佣金,-130.32,CNY,应付,2026年3月2日商家结算款,21796493,,,,,支出,20260302,1
="3420423007260012",="50700126030218628364017707",订单,="0",="202603030000011463290270031",,2026-02-25 08:28:44,2026-03-02 12:57:04,2026-03-03 08:43:52,商品保险服务费,-4.07,CNY,应付,2026年3月2日商家结算款,21796493,,,,JD60963420423007260012,支出,20260302,0
="3423477012176751",="50700126030318661716528907",订单,="0",="202603040000011463290270031",,2026-02-28 19:56:48,2026-03-03 17:53:35,2026-03-04 08:45:22,商品保险服务费,-2.67,CNY,应付,2026年3月3日商家结算款,21796493,,,,JD50133423477012176751,支出,20260303,0
="3423477012176751",="10100126030318666197295107",订单,="0",="202603040000011463290270031",,2026-02-28 19:56:48,2026-03-03 20:10:52,2026-03-04 08:45:22,综合违约金,-6.00,CNY,应付,2026年3月3日商家结算款,21796493,,,,,支出,20260303,0
="3423477012176751",="50700126030318661723389707",非销售单,="0",="202603040000011463290270031",,2026-02-28 19:56:48,2026-03-03 17:53:37,2026-03-04 08:45:22,运费保险服务费,-0.20,CNY,应付,2026年3月3日商家结算款,21796493,,,,JD60773423477012176751,支出,20260303,0
="3423477012176751",="50700126030318661717127707",非销售单,="0",="202603040000011463290270031",,2026-02-28 19:56:48,2026-03-03 17:53:37,2026-03-04 08:45:22,运费保险服务费,-0.82,CNY,应付,2026年3月3日商家结算款,21796493,,,,JD59993423477012176751,支出,20260303,0
="3427454008367843",="50700126030418675296302607",订单,="0",="202603050000011463290270031",,2026-03-04 08:02:51,2026-03-04 11:30:27,2026-03-05 12:01:58,商品保险服务费,-0.92,CNY,应付,2026年3月4日商家结算款,21796493,,,,JD50333427454008367843,支出,20260304,0
="3422486003372640",="10100126030418683000841107",订单,="10163132090712",="202603050000011463290270031","天旗防爆电动扳手无刷大扭力轮胎汽修工具化工厂风炮套筒冲击扳手 310N,M 4A/20V【俩电一充】",2026-02-27 17:41:56,2026-02-27 17:45:32,2026-03-05 12:01:58,货款,890.00,CNY,应收,2026年3月4日商家结算款,21796493,,,,,收入,20260304,1
="3422490019392933",="10100126030418685479856107",订单,="10209193916961",="202603050000011463290270031","天旗工业防爆照相机石油化工防爆高清摄影相机 EXSY-2000-P1TQ",2026-02-27 12:57:17,2026-02-27 13:00:22,2026-03-05 12:01:58,佣金,-23.72,CNY,应付,2026年3月4日商家结算款,21796493,,,,,支出,20260304,1
="3421473011456163",="10100126030418681409636607",订单,="10209193916961",="202603050000011463290270031","天旗工业防爆照相机石油化工防爆高清摄影相机 EXSY-2000-P1TQ",2026-02-26 11:25:37,2026-02-26 11:28:43,2026-03-05 12:01:58,货款,949.00,CNY,应收,2026年3月4日商家结算款,21796493,,,,,收入,20260304,1
="3421473011456163",="50700126030418682129491507",订单,="0",="202603050000011463290270031",,2026-02-26 11:25:37,2026-03-04 14:02:31,2026-03-05 12:01:58,商品保险服务费,-5.69,CNY,应付,2026年3月4日商家结算款,21796493,,,,JD60963421473011456163,支出,20260304,0
="3422483003235966",="10100126030418684780778207",订单,="10176597499228",="202603050000011463290270031","天旗防爆电动扳手无刷大扭力轮胎汽修工具化工厂风炮套筒冲击扳手 600N,M 4A/21V【俩电一充】",2026-02-27 14:02:35,2026-02-27 14:10:03,2026-03-05 12:01:58,佣金,-379.20,CNY,应付,2026年3月4日商家结算款,21796493,,,,,支出,20260304,3
="3427454008367843",="50700126030418675314388707",订单,="0",="202603050000011463290270031",,2026-03-04 08:02:51,2026-03-04 11:30:49,2026-03-05 12:01:58,商品保险服务费,-2.64,CNY,应付,2026年3月4日商家结算款,21796493,,,,JD50133427454008367843,支出,20260304,0
="3427454008367843",="50700126030418675311219107",非销售单,="0",="202603050000011463290270031",,2026-03-04 08:02:51,2026-03-04 11:30:49,2026-03-05 12:01:58,运费保险服务费,-2.20,CNY,应付,2026年3月4日商家结算款,21796493,,,,JD59993427454008367843,支出,20260304,0
="3422490019392933",="10100126030418685479855807",订单,="10209193916961",="202603050000011463290270031","天旗工业防爆照相机石油化工防爆高清摄影相机 EXSY-2000-P1TQ",2026-02-27 12:57:17,2026-02-27 13:00:22,2026-03-05 12:01:58,货款,949.00,CNY,应收,2026年3月4日商家结算款,21796493,,,,,收入,20260304,1
="3421473011456163",="10100126030418681409636707",订单,="10209193916961",="202603050000011463290270031","天旗工业防爆照相机石油化工防爆高清摄影相机 EXSY-2000-P1TQ",2026-02-26 11:25:37,2026-02-26 11:28:43,2026-03-05 12:01:58,佣金,-23.72,CNY,应付,2026年3月4日商家结算款,21796493,,,,,支出,20260304,1
="3427454008367843",="50700126030418671321636307",订单,="0",="202603050000011463290270031",,2026-03-04 08:02:51,2026-03-04 08:03:16,2026-03-05 12:01:58,商品保险服务费,-2.11,CNY,应付,2026年3月4日商家结算款,21796493,,,,JD19314847416625993427454008367843,支出,20260304,0
="3427454008367843",="50700126030418675278719807",非销售单,="0",="202603050000011463290270031",,2026-03-04 08:02:51,2026-03-04 11:30:08,2026-03-05 12:01:58,运费保险服务费,-0.55,CNY,应付,2026年3月4日商家结算款,21796493,,,,JD60773427454008367843,支出,20260304,0
="3422466006795863",="10100126030418676945270007",订单,="10163132090712",="202603050000011463290270031","天旗防爆电动扳手无刷大扭力轮胎汽修工具化工厂风炮套筒冲击扳手 310N,M 4A/20V【俩电一充】",2026-02-27 17:32:22,2026-02-27 17:35:53,2026-03-05 12:01:58,货款,890.00,CNY,应收,2026年3月4日商家结算款,21796493,,,,,收入,20260304,1
="3422486003372640",="10100126030418683000841407",订单,="10163132090712",="202603050000011463290270031","天旗防爆电动扳手无刷大扭力轮胎汽修工具化工厂风炮套筒冲击扳手 310N,M 4A/20V【俩电一充】",2026-02-27 17:41:56,2026-02-27 17:45:32,2026-03-05 12:01:58,佣金,-71.20,CNY,应付,2026年3月4日商家结算款,21796493,,,,,支出,20260304,1
="3422466006795863",="10100126030418676945270407",订单,="10163132090712",="202603050000011463290270031","天旗防爆电动扳手无刷大扭力轮胎汽修工具化工厂风炮套筒冲击扳手 310N,M 4A/20V【俩电一充】",2026-02-27 17:32:22,2026-02-27 17:35:53,2026-03-05 12:01:58,交易服务费,-5.34,CNY,应付,2026年3月4日商家结算款,21796493,,,,,支出,20260304,1
="3422483003235966",="50700126030418684636434207",订单,="0",="202603050000011463290270031",,2026-02-27 14:02:35,2026-03-04 15:45:40,2026-03-05 12:01:58,商品保险服务费,-11.85,CNY,应付,2026年3月4日商家结算款,21796493,,,,JD60963422483003235966,支出,20260304,0
="3422490019392933",="50700126030418685344277607",订单,="0",="202603050000011463290270031",,2026-02-27 12:57:17,2026-03-04 16:20:09,2026-03-05 12:01:58,商品保险服务费,-5.69,CNY,应付,2026年3月4日商家结算款,21796493,,,,JD60963422490019392933,支出,20260304,0
="3427454008367886",="50700126030418675284598007",非销售单,="0",="202603050000011463290270031",,2026-03-04 08:05:40,2026-03-04 11:30:11,2026-03-05 12:01:58,运费保险服务费,-2.20,CNY,应付,2026年3月4日商家结算款,21796493,,,,JD59993427454008367886,支出,20260304,0
="3427454008367886",="50700126030418675303938207",订单,="0",="202603050000011463290270031",,2026-03-04 08:05:40,2026-03-04 11:30:45,2026-03-05 12:01:58,商品保险服务费,-0.92,CNY,应付,2026年3月4日商家结算款,21796493,,,,JD50333427454008367886,支出,20260304,0
="3422466006795863",="50700126030418677939550907",订单,="0",="202603050000011463290270031",,2026-02-27 17:32:22,2026-03-04 12:20:28,2026-03-05 12:01:58,商品保险服务费,-2.23,CNY,应付,2026年3月4日商家结算款,21796493,,,,JD60963422466006795863,支出,20260304,0
="3422486003372640",="50700126030418683296760107",订单,="0",="202603050000011463290270031",,2026-02-27 17:41:56,2026-03-04 14:46:48,2026-03-05 12:01:58,商品保险服务费,-2.23,CNY,应付,2026年3月4日商家结算款,21796493,,,,JD60963422486003372640,支出,20260304,0
="3422490019392933",="10100126030418685479856207",订单,="10209193916961",="202603050000011463290270031","天旗工业防爆照相机石油化工防爆高清摄影相机 EXSY-2000-P1TQ",2026-02-27 12:57:17,2026-02-27 13:00:22,2026-03-05 12:01:58,交易服务费,-5.69,CNY,应付,2026年3月4日商家结算款,21796493,,,,,支出,20260304,1
="3421473011456163",="10100126030418681409636807",订单,="10209193916961",="202603050000011463290270031","天旗工业防爆照相机石油化工防爆高清摄影相机 EXSY-2000-P1TQ",2026-02-26 11:25:37,2026-02-26 11:28:43,2026-03-05 12:01:58,交易服务费,-5.69,CNY,应付,2026年3月4日商家结算款,21796493,,,,,支出,20260304,1
="3422483003235966",="10100126030418684780778407",订单,="10176597499228",="202603050000011463290270031","天旗防爆电动扳手无刷大扭力轮胎汽修工具化工厂风炮套筒冲击扳手 600N,M 4A/21V【俩电一充】",2026-02-27 14:02:35,2026-02-27 14:10:03,2026-03-05 12:01:58,交易服务费,-28.44,CNY,应付,2026年3月4日商家结算款,21796493,,,,,支出,20260304,3
="3427454008367886",="50700126030418671335655607",订单,="0",="202603050000011463290270031",,2026-03-04 08:05:40,2026-03-04 08:05:53,2026-03-05 12:01:58,商品保险服务费,-2.14,CNY,应付,2026年3月4日商家结算款,21796493,,,,JD19314847416625993427454008367886,支出,20260304,0
="3422466006795863",="10100126030418676945270307",订单,="10163132090712",="202603050000011463290270031","天旗防爆电动扳手无刷大扭力轮胎汽修工具化工厂风炮套筒冲击扳手 310N,M 4A/20V【俩电一充】",2026-02-27 17:32:22,2026-02-27 17:35:53,2026-03-05 12:01:58,佣金,-71.20,CNY,应付,2026年3月4日商家结算款,21796493,,,,,支出,20260304,1
="3427454008367886",="50700126030418675306913407",订单,="0",="202603050000011463290270031",,2026-03-04 08:05:40,2026-03-04 11:30:44,2026-03-05 12:01:58,商品保险服务费,-2.67,CNY,应付,2026年3月4日商家结算款,21796493,,,,JD50133427454008367886,支出,20260304,0
="3422483003235966",="10100126030418684780778107",订单,="10176597499228",="202603050000011463290270031","天旗防爆电动扳手无刷大扭力轮胎汽修工具化工厂风炮套筒冲击扳手 600N,M 4A/21V【俩电一充】",2026-02-27 14:02:35,2026-02-27 14:10:03,2026-03-05 12:01:58,货款,4740.00,CNY,应收,2026年3月4日商家结算款,21796493,,,,,收入,20260304,3
="3427454008367886",="50700126030418675282496007",非销售单,="0",="202603050000011463290270031",,2026-03-04 08:05:40,2026-03-04 11:30:08,2026-03-05 12:01:58,运费保险服务费,-0.55,CNY,应付,2026年3月4日商家结算款,21796493,,,,JD60773427454008367886,支出,20260304,0
="3422486003372640",="10100126030418683000841507",订单,="10163132090712",="202603050000011463290270031","天旗防爆电动扳手无刷大扭力轮胎汽修工具化工厂风炮套筒冲击扳手 310N,M 4A/20V【俩电一充】",2026-02-27 17:41:56,2026-02-27 17:45:32,2026-03-05 12:01:58,交易服务费,-5.34,CNY,应付,2026年3月4日商家结算款,21796493,,,,,支出,20260304,1
="3422406015788067",="10100126030518710432972707",订单,="10209193916961",="202603060000011463290270031","天旗工业防爆照相机石油化工防爆高清摄影相机 EXSY-2000-P1TQ",2026-02-27 15:08:48,2026-02-27 15:15:08,2026-03-06 12:01:39,佣金,-23.72,CNY,应付,2026年3月5日商家结算款,21796493,,,,,支出,20260305,1
="3422493003212524",="32100126030518712139635007",非销售单,="10163132090713",="202603060000011463290270031","天旗防爆电动扳手无刷大扭力轮胎汽修工具化工厂风炮套筒冲击扳手 310N,M 5A/20V【俩电一充】",2026-03-05 16:42:41,2026-03-05 16:43:06,2026-03-06 12:01:39,随单送的京豆,-0.92,CNY,应付,2026年3月5日商家结算款,21796493,,,,,支出,20260305,0
="3395437009536867",="32100126030518712158886907",非销售单,="10179244273654",="202603060000011463290270031","天旗防爆电钻无刷电机化工厂冲击钻孔电起子工业手持电动螺丝刀 20V/2A 无冲击【一电一充+礼包】",2026-03-05 16:43:11,2026-03-05 16:43:35,2026-03-06 12:01:39,随单送的京豆,-1.80,CNY,应付,2026年3月5日商家结算款,21796493,,,,,支出,20260305,0
="3395437009536867",="10100126030518712287082707",订单,="10176597499228",="202603060000011463290270031","天旗防爆电动扳手无刷大扭力轮胎汽修工具化工厂风炮套筒冲击扳手 600N,M 4A/21V【俩电一充】",2026-01-31 16:58:53,2026-01-31 17:02:28,2026-03-06 12:01:39,交易服务费,-9.85,CNY,应付,2026年3月5日商家结算款,21796493,,,,,支出,20260305,1
="3422493003212524",="50700126030518712108141107",订单,="0",="202603060000011463290270031",,2026-02-27 12:38:00,2026-03-05 16:41:40,2026-03-06 12:01:39,商品保险服务费,-2.32,CNY,应付,2026年3月5日商家结算款,21796493,,,,JD60963422493003212524,支出,20260305,0
="3423477012176751",="10100126030518712131994707",订单,="10163132090712",="202603060000011463290270031","天旗防爆电动扳手无刷大扭力轮胎汽修工具化工厂风炮套筒冲击扳手 310N,M 4A/20V【俩电一充】",2026-02-28 19:56:48,2026-02-28 20:00:01,2026-03-06 12:01:39,货款,890.00,CNY,应收,2026年3月5日商家结算款,21796493,,,,,收入,20260305,1
="3422406015788067",="10100126030518710432972807",订单,="10209193916961",="202603060000011463290270031","天旗工业防爆照相机石油化工防爆高清摄影相机 EXSY-2000-P1TQ",2026-02-27 15:08:48,2026-02-27 15:15:08,2026-03-06 12:01:39,交易服务费,-5.69,CNY,应付,2026年3月5日商家结算款,21796493,,,,,支出,20260305,1
="3423477012176751",="10100126030518712131994907",订单,="10163132090712",="202603060000011463290270031","天旗防爆电动扳手无刷大扭力轮胎汽修工具化工厂风炮套筒冲击扳手 310N,M 4A/20V【俩电一充】",2026-02-28 19:56:48,2026-02-28 20:00:01,2026-03-06 12:01:39,佣金,-71.20,CNY,应付,2026年3月5日商家结算款,21796493,,,,,支出,20260305,1
="3395437009536867",="10100126030518712287082107",订单,="10179244273654",="202603060000011463290270031","天旗防爆电钻无刷电机化工厂冲击钻孔电起子工业手持电动螺丝刀 20V/2A 无冲击【一电一充+礼包】",2026-01-31 16:58:53,2026-01-31 17:02:28,2026-03-06 12:01:39,佣金,-144.98,CNY,应付,2026年3月5日商家结算款,21796493,,,,,支出,20260305,2
="3422406015788067",="10100126030518710432972507",订单,="10209193916961",="202603060000011463290270031","天旗工业防爆照相机石油化工防爆高清摄影相机 EXSY-2000-P1TQ",2026-02-27 15:08:48,2026-02-27 15:15:08,2026-03-06 12:01:39,货款,949.00,CNY,应收,2026年3月5日商家结算款,21796493,,,,,收入,20260305,1
="3395437009536867",="10100126030518712287081907",订单,="10179244273654",="202603060000011463290270031","天旗防爆电钻无刷电机化工厂冲击钻孔电起子工业手持电动螺丝刀 20V/2A 无冲击【一电一充+礼包】",2026-01-31 16:58:53,2026-01-31 17:02:28,2026-03-06 12:01:39,货款,1812.29,CNY,应收,2026年3月5日商家结算款,21796493,,,,,收入,20260305,2
="3423477012176751",="10100126030518712131995007",订单,="10163132090712",="202603060000011463290270031","天旗防爆电动扳手无刷大扭力轮胎汽修工具化工厂风炮套筒冲击扳手 310N,M 4A/20V【俩电一充】",2026-02-28 19:56:48,2026-02-28 20:00:01,2026-03-06 12:01:39,交易服务费,-5.34,CNY,应付,2026年3月5日商家结算款,21796493,,,,,支出,20260305,1
="3422493003212524",="10100126030518712271710407",订单,="10163132090713",="202603060000011463290270031","天旗防爆电动扳手无刷大扭力轮胎汽修工具化工厂风炮套筒冲击扳手 310N,M 5A/20V【俩电一充】",2026-02-27 12:38:00,2026-02-27 12:41:40,2026-03-06 12:01:39,佣金,-74.32,CNY,应付,2026年3月5日商家结算款,21796493,,,,,支出,20260305,1
="3395437009536867",="10100126030518712287082307",订单,="10179244273654",="202603060000011463290270031","天旗防爆电钻无刷电机化工厂冲击钻孔电起子工业手持电动螺丝刀 20V/2A 无冲击【一电一充+礼包】",2026-01-31 16:58:53,2026-01-31 17:02:28,2026-03-06 12:01:39,交易服务费,-10.87,CNY,应付,2026年3月5日商家结算款,21796493,,,,,支出,20260305,2
="3423483003585737",="10100126030518716683136107",订单,="10165000894208",="202603060000011463290270031","补差价链接",2026-02-28 15:27:27,2026-02-28 15:31:00,2026-03-06 12:01:39,佣金,-7.50,CNY,应付,2026年3月5日商家结算款,21796493,,,,,支出,20260305,1
="3422483003253067",="50700126030518711500812907",订单,="0",="202603060000011463290270031",,2026-02-27 14:04:20,2026-03-05 16:12:22,2026-03-06 12:01:39,商品保险服务费,-2.40,CNY,应付,2026年3月5日商家结算款,21796493,,,,JD60963422483003253067,支出,20260305,0
="3422483003253067",="10100126030518711638201107",订单,="10162527911099",="202603060000011463290270031","天旗防爆电锤电镐电钻工业多功能混凝土大功率冲击钻电动工具 20V/4A【俩电一充+礼包】",2026-02-27 14:04:20,2026-02-27 14:09:33,2026-03-06 12:01:39,交易服务费,-5.76,CNY,应付,2026年3月5日商家结算款,21796493,,,,,支出,20260305,1
="3422493003212524",="10100126030518712271710607",订单,="10163132090713",="202603060000011463290270031","天旗防爆电动扳手无刷大扭力轮胎汽修工具化工厂风炮套筒冲击扳手 310N,M 5A/20V【俩电一充】",2026-02-27 12:38:00,2026-02-27 12:41:40,2026-03-06 12:01:39,交易服务费,-5.57,CNY,应付,2026年3月5日商家结算款,21796493,,,,,支出,20260305,1
="3395437009536867",="10100126030518712287082507",订单,="10176597499228",="202603060000011463290270031","天旗防爆电动扳手无刷大扭力轮胎汽修工具化工厂风炮套筒冲击扳手 600N,M 4A/21V【俩电一充】",2026-01-31 16:58:53,2026-01-31 17:02:28,2026-03-06 12:01:39,货款,1642.01,CNY,应收,2026年3月5日商家结算款,21796493,,,,,收入,20260305,1
="3423477012176751",="50700126030518711971064407",订单,="0",="202603060000011463290270031",,2026-02-28 19:56:48,2026-03-05 16:35:31,2026-03-06 12:01:39,商品保险服务费,-2.23,CNY,应付,2026年3月5日商家结算款,21796493,,,,JD60963423477012176751,支出,20260305,0
="3395437009536867",="32100126030518712146172207",非销售单,="10176597499228",="202603060000011463290270031","天旗防爆电动扳手无刷大扭力轮胎汽修工具化工厂风炮套筒冲击扳手 600N,M 4A/21V【俩电一充】",2026-03-05 16:43:11,2026-03-05 16:43:35,2026-03-06 12:01:39,随单送的京豆,-1.63,CNY,应付,2026年3月5日商家结算款,21796493,,,,,支出,20260305,0
="3422493003212524",="10100126030518712271710307",订单,="10163132090713",="202603060000011463290270031","天旗防爆电动扳手无刷大扭力轮胎汽修工具化工厂风炮套筒冲击扳手 310N,M 5A/20V【俩电一充】",2026-02-27 12:38:00,2026-02-27 12:41:40,2026-03-06 12:01:39,货款,929.00,CNY,应收,2026年3月5日商家结算款,21796493,,,,,收入,20260305,1
="3423483003585737",="10100126030518716683136007",订单,="10165000894208",="202603060000011463290270031","补差价链接",2026-02-28 15:27:27,2026-02-28 15:31:00,2026-03-06 12:01:39,货款,750.00,CNY,应收,2026年3月5日商家结算款,21796493,,,,,收入,20260305,1
="3428477008068453",="50700126030518712266838407",订单,="0",="202603060000011463290270031",,2026-03-05 16:48:18,2026-03-05 16:48:38,2026-03-06 12:01:39,商品保险服务费,-2.14,CNY,应付,2026年3月5日商家结算款,21796493,,,,JD19314847416625993428477008068453,支出,20260305,0
="3422406015788067",="50700126030518710379915107",订单,="0",="202603060000011463290270031",,2026-02-27 15:08:48,2026-03-05 15:16:07,2026-03-06 12:01:39,商品保险服务费,-5.69,CNY,应付,2026年3月5日商家结算款,21796493,,,,JD60963422406015788067,支出,20260305,0
="3422483003253067",="10100126030518711638201007",订单,="10162527911099",="202603060000011463290270031","天旗防爆电锤电镐电钻工业多功能混凝土大功率冲击钻电动工具 20V/4A【俩电一充+礼包】",2026-02-27 14:04:20,2026-02-27 14:09:33,2026-03-06 12:01:39,佣金,-76.80,CNY,应付,2026年3月5日商家结算款,21796493,,,,,支出,20260305,1
="3395437009536867",="10100126030518712287082607",订单,="10176597499228",="202603060000011463290270031","天旗防爆电动扳手无刷大扭力轮胎汽修工具化工厂风炮套筒冲击扳手 600N,M 4A/21V【俩电一充】",2026-01-31 16:58:53,2026-01-31 17:02:28,2026-03-06 12:01:39,佣金,-131.36,CNY,应付,2026年3月5日商家结算款,21796493,,,,,支出,20260305,1
="3395437009536867",="50700126030518712117148307",订单,="0",="202603060000011463290270031",,2026-01-31 16:58:53,2026-03-05 16:42:10,2026-03-06 12:01:39,商品保险服务费,-8.60,CNY,应付,2026年3月5日商家结算款,21796493,,,,JD60963395437009536867,支出,20260305,0
="3423483003585737",="10100126030518716683136207",订单,="10165000894208",="202603060000011463290270031","补差价链接",2026-02-28 15:27:27,2026-02-28 15:31:00,2026-03-06 12:01:39,交易服务费,-4.50,CNY,应付,2026年3月5日商家结算款,21796493,,,,,支出,20260305,1
="3422483003253067",="10100126030518711638200807",订单,="10162527911099",="202603060000011463290270031","天旗防爆电锤电镐电钻工业多功能混凝土大功率冲击钻电动工具 20V/4A【俩电一充+礼包】",2026-02-27 14:04:20,2026-02-27 14:09:33,2026-03-06 12:01:39,货款,960.00,CNY,应收,2026年3月5日商家结算款,21796493,,,,,收入,20260305,1
="3428477008068453",="50700126030618735133602207",订单,="0",="202603070000011463290270031",,2026-03-05 16:48:18,2026-03-06 14:44:21,2026-03-07 12:03:21,商品保险服务费,-0.92,CNY,应付,2026年3月6日商家结算款,21796493,,,,JD50333428477008068453,支出,20260306,0
="3429449009159582",="50700126030618724210854707",订单,="0",="202603070000011463290270031",,2026-03-06 08:51:15,2026-03-06 08:51:40,2026-03-07 12:03:21,商品保险服务费,-2.11,CNY,应付,2026年3月6日商家结算款,21796493,,,,JD19314847416625993429449009159582,支出,20260306,0
="3423449007389541",="50700126030618733467528907",订单,="0",="202603070000011463290270031",,2026-02-28 13:02:58,2026-03-06 13:38:44,2026-03-07 12:03:21,商品保险服务费,-2.20,CNY,应付,2026年3月6日商家结算款,21796493,,,,JD60963423449007389541,支出,20260306,0
="3429243009309500",="50700126030618736210201007",订单,="0",="202603070000011463290270031",,2026-03-06 15:13:36,2026-03-06 15:32:04,2026-03-07 12:03:21,商品保险服务费,-0.92,CNY,应付,2026年3月6日商家结算款,21796493,,,,JD50333429243009309500,支出,20260306,0
="3429243009309500",="50700126030618736222385807",非销售单,="0",="202603070000011463290270031",,2026-03-06 15:13:36,2026-03-06 15:32:32,2026-03-07 12:03:21,运费保险服务费,-0.76,CNY,应付,2026年3月6日商家结算款,21796493,,,,JD60773429243009309500,支出,20260306,0
="3423449007389541",="10100126030618732585960707",订单,="10179244273654",="202603070000011463290270031","天旗防爆电钻无刷电机化工厂冲击钻孔电起子工业手持电动螺丝刀 20V/2A 无冲击【一电一充+礼包】",2026-02-28 13:02:58,2026-02-28 13:07:22,2026-03-07 12:03:21,交易服务费,-5.28,CNY,应付,2026年3月6日商家结算款,21796493,,,,,支出,20260306,1
="3429449009167356",="50700126030618724223963107",订单,="0",="202603070000011463290270031",,2026-03-06 08:52:10,2026-03-06 08:52:34,2026-03-07 12:03:21,商品保险服务费,-2.11,CNY,应付,2026年3月6日商家结算款,21796493,,,,JD19314847416625993429449009167356,支出,20260306,0
="3423449007389541",="10100126030618732585960507",订单,="10179244273654",="202603070000011463290270031","天旗防爆电钻无刷电机化工厂冲击钻孔电起子工业手持电动螺丝刀 20V/2A 无冲击【一电一充+礼包】",2026-02-28 13:02:58,2026-02-28 13:07:22,2026-03-07 12:03:21,佣金,-70.40,CNY,应付,2026年3月6日商家结算款,21796493,,,,,支出,20260306,1
="3428477008068453",="50700126030618735168743407",非销售单,="0",="202603070000011463290270031",,2026-03-05 16:48:18,2026-03-06 14:46:11,2026-03-07 12:03:21,运费保险服务费,-0.91,CNY,应付,2026年3月6日商家结算款,21796493,,,,JD59993428477008068453,支出,20260306,0
="3429412001742912",="50700126030618735741835707",订单,="0",="202603070000011463290270031",,2026-03-06 10:45:03,2026-03-06 15:11:10,2026-03-07 12:03:21,商品保险服务费,-4.74,CNY,应付,2026年3月6日商家结算款,21796493,,,,JD50133429412001742912,支出,20260306,0
="3423464012820229",="50700126030618741756303007",订单,="0",="202603070000011463290270031",,2026-02-28 08:51:46,2026-03-06 18:56:10,2026-03-07 12:03:21,商品保险服务费,-11.51,CNY,应付,2026年3月6日商家结算款,21796493,,,,JD60963423464012820229,支出,20260306,0
="3423449007389541",="10100126030618732585960407",订单,="10179244273654",="202603070000011463290270031","天旗防爆电钻无刷电机化工厂冲击钻孔电起子工业手持电动螺丝刀 20V/2A 无冲击【一电一充+礼包】",2026-02-28 13:02:58,2026-02-28 13:07:22,2026-03-07 12:03:21,货款,880.00,CNY,应收,2026年3月6日商家结算款,21796493,,,,,收入,20260306,1
="3429215015906043",="50700126030618735767163007",非销售单,="0",="202603070000011463290270031",,2026-03-06 12:13:30,2026-03-06 15:12:28,2026-03-07 12:03:21,运费保险服务费,-0.37,CNY,应付,2026年3月6日商家结算款,21796493,,,,JD60773429215015906043,支出,20260306,0
="3429215015906043",="50700126030618735798575507",非销售单,="0",="202603070000011463290270031",,2026-03-06 12:13:30,2026-03-06 15:13:17,2026-03-07 12:03:21,运费保险服务费,-0.83,CNY,应付,2026年3月6日商家结算款,21796493,,,,JD59993429215015906043,支出,20260306,0
="3423464012820229",="10100126030618742005677507",订单,="10209193916961",="202603070000011463290270031","天旗工业防爆照相机石油化工防爆高清摄影相机 EXSY-2000-P1TQ",2026-02-28 08:51:46,2026-02-28 08:55:18,2026-03-07 12:03:21,货款,1918.00,CNY,应收,2026年3月6日商家结算款,21796493,,,,,收入,20260306,2
="3423449012844410",="50700126030618733412680607",订单,="0",="202603070000011463290270031",,2026-02-28 13:03:47,2026-03-06 13:37:03,2026-03-07 12:03:21,商品保险服务费,-2.20,CNY,应付,2026年3月6日商家结算款,21796493,,,,JD60963423449012844410,支出,20260306,0
="3429215015906043",="50700126030618735750451107",订单,="0",="202603070000011463290270031",,2026-03-06 12:13:30,2026-03-06 15:11:42,2026-03-07 12:03:21,商品保险服务费,-0.92,CNY,应付,2026年3月6日商家结算款,21796493,,,,JD50333429215015906043,支出,20260306,0
="3422498003156880",="10100126030618732261107807",订单,="10209193916961",="202603070000011463290270031","天旗工业防爆照相机石油化工防爆高清摄影相机 EXSY-2000-P1TQ",2026-02-27 00:47:44,2026-02-27 00:51:05,2026-03-07 12:03:21,交易服务费,-5.69,CNY,应付,2026年3月6日商家结算款,21796493,,,,,支出,20260306,1
="3423449012844410",="10100126030618732523980407",订单,="10179244273654",="202603070000011463290270031","天旗防爆电钻无刷电机化工厂冲击钻孔电起子工业手持电动螺丝刀 20V/2A 无冲击【一电一充+礼包】",2026-02-28 13:03:47,2026-02-28 13:08:09,2026-03-07 12:03:21,交易服务费,-5.28,CNY,应付,2026年3月6日商家结算款,21796493,,,,,支出,20260306,1
="3423464012820229",="10100126030618742005677907",订单,="10209193916961",="202603070000011463290270031","天旗工业防爆照相机石油化工防爆高清摄影相机 EXSY-2000-P1TQ",2026-02-28 08:51:46,2026-02-28 08:55:18,2026-03-07 12:03:21,佣金,-47.95,CNY,应付,2026年3月6日商家结算款,21796493,,,,,支出,20260306,2
="3429412001742912",="50700126030618735730860607",非销售单,="0",="202603070000011463290270031",,2026-03-06 10:45:03,2026-03-06 15:10:52,2026-03-07 12:03:21,运费保险服务费,-0.37,CNY,应付,2026年3月6日商家结算款,21796493,,,,JD60773429412001742912,支出,20260306,0
="3428477008068453",="50700126030618735139335407",非销售单,="0",="202603070000011463290270031",,2026-03-05 16:48:18,2026-03-06 14:44:53,2026-03-07 12:03:21,运费保险服务费,-0.38,CNY,应付,2026年3月6日商家结算款,21796493,,,,JD60773428477008068453,支出,20260306,0
="3429412001742912",="50700126030618735749587607",订单,="0",="202603070000011463290270031",,2026-03-06 10:45:03,2026-03-06 15:11:10,2026-03-07 12:03:21,商品保险服务费,-0.92,CNY,应付,2026年3月6日商家结算款,21796493,,,,JD50333429412001742912,支出,20260306,0
="3429215015906043",="50700126030618735767596807",订单,="0",="202603070000011463290270031",,2026-03-06 12:13:30,2026-03-06 15:12:03,2026-03-07 12:03:21,商品保险服务费,-4.74,CNY,应付,2026年3月6日商家结算款,21796493,,,,JD50133429215015906043,支出,20260306,0
="3422498003156880",="10100126030618732261107607",订单,="10209193916961",="202603070000011463290270031","天旗工业防爆照相机石油化工防爆高清摄影相机 EXSY-2000-P1TQ",2026-02-27 00:47:44,2026-02-27 00:51:05,2026-03-07 12:03:21,货款,949.00,CNY,应收,2026年3月6日商家结算款,21796493,,,,,收入,20260306,1
="3423449012844410",="10100126030618732523980207",订单,="10179244273654",="202603070000011463290270031","天旗防爆电钻无刷电机化工厂冲击钻孔电起子工业手持电动螺丝刀 20V/2A 无冲击【一电一充+礼包】",2026-02-28 13:03:47,2026-02-28 13:08:09,2026-03-07 12:03:21,货款,880.00,CNY,应收,2026年3月6日商家结算款,21796493,,,,,收入,20260306,1
="3422498003156880",="50700126030618733151261607",订单,="0",="202603070000011463290270031",,2026-02-27 00:47:44,2026-03-06 13:30:34,2026-03-07 12:03:21,商品保险服务费,-5.69,CNY,应付,2026年3月6日商家结算款,21796493,,,,JD60963422498003156880,支出,20260306,0
="3429243009309500",="50700126030618736203613407",非销售单,="0",="202603070000011463290270031",,2026-03-06 15:13:36,2026-03-06 15:31:53,2026-03-07 12:03:21,运费保险服务费,-4.19,CNY,应付,2026年3月6日商家结算款,21796493,,,,JD59993429243009309500,支出,20260306,0
="3429243009309500",="50700126030618736233321907",订单,="0",="202603070000011463290270031",,2026-03-06 15:13:36,2026-03-06 15:33:16,2026-03-07 12:03:21,商品保险服务费,-2.94,CNY,应付,2026年3月6日商家结算款,21796493,,,,JD50133429243009309500,支出,20260306,0
="3423464012820229",="10100126030618742005678007",订单,="10209193916961",="202603070000011463290270031","天旗工业防爆照相机石油化工防爆高清摄影相机 EXSY-2000-P1TQ",2026-02-28 08:51:46,2026-02-28 08:55:18,2026-03-07 12:03:21,交易服务费,-11.51,CNY,应付,2026年3月6日商家结算款,21796493,,,,,支出,20260306,2
="3428477008068453",="50700126030618735150182107",订单,="0",="202603070000011463290270031",,2026-03-05 16:48:18,2026-03-06 14:44:56,2026-03-07 12:03:21,商品保险服务费,-2.67,CNY,应付,2026年3月6日商家结算款,21796493,,,,JD50133428477008068453,支出,20260306,0
="3422498003156880",="10100126030618732261107707",订单,="10209193916961",="202603070000011463290270031","天旗工业防爆照相机石油化工防爆高清摄影相机 EXSY-2000-P1TQ",2026-02-27 00:47:44,2026-02-27 00:51:05,2026-03-07 12:03:21,佣金,-23.72,CNY,应付,2026年3月6日商家结算款,21796493,,,,,支出,20260306,1
="3423449012844410",="10100126030618732523980307",订单,="10179244273654",="202603070000011463290270031","天旗防爆电钻无刷电机化工厂冲击钻孔电起子工业手持电动螺丝刀 20V/2A 无冲击【一电一充+礼包】",2026-02-28 13:03:47,2026-02-28 13:08:09,2026-03-07 12:03:21,佣金,-70.40,CNY,应付,2026年3月6日商家结算款,21796493,,,,,支出,20260306,1
="3429412001742912",="50700126030618735750324007",非销售单,="0",="202603070000011463290270031",,2026-03-06 10:45:03,2026-03-06 15:11:31,2026-03-07 12:03:21,运费保险服务费,-0.83,CNY,应付,2026年3月6日商家结算款,21796493,,,,JD59993429412001742912,支出,20260306,0
="3422498003156880",="32100126030618731333288407",非销售单,="10209193916961",="202603070000011463290270031","天旗工业防爆照相机石油化工防爆高清摄影相机 EXSY-2000-P1TQ",2026-03-06 12:44:56,2026-03-06 12:45:06,2026-03-07 12:03:21,随单送的京豆,-0.47,CNY,应付,2026年3月6日商家结算款,21796493,,,,,支出,20260306,0
="3429420000166856",="50700126030718751563340807",订单,="0",="202603080000011463290270031",,2026-03-06 16:57:38,2026-03-07 10:18:33,2026-03-08 08:34:42,商品保险服务费,-4.74,CNY,应付,2026年3月7日商家结算款,21796493,,,,JD50133429420000166856,支出,20260307,0
="3429420000166856",="50700126030718751559766907",订单,="0",="202603080000011463290270031",,2026-03-06 16:57:38,2026-03-07 10:18:32,2026-03-08 08:34:42,商品保险服务费,-0.92,CNY,应付,2026年3月7日商家结算款,21796493,,,,JD50333429420000166856,支出,20260307,0
="3425494010209815",="10100126030718752880430707",订单,="10209193916961",="202603080000011463290270031","天旗工业防爆照相机石油化工防爆高清摄影相机 EXSY-2000-P1TQ",2026-03-02 10:48:07,2026-03-02 10:51:13,2026-03-08 08:34:42,货款,949.00,CNY,应收,2026年3月7日商家结算款,21796493,,,,,收入,20260307,1
="3425494010209815",="10100126030718752880430807",订单,="10209193916961",="202603080000011463290270031","天旗工业防爆照相机石油化工防爆高清摄影相机 EXSY-2000-P1TQ",2026-03-02 10:48:07,2026-03-02 10:51:13,2026-03-08 08:34:42,佣金,-23.72,CNY,应付,2026年3月7日商家结算款,21796493,,,,,支出,20260307,1
="3429420000166856",="50700126030718751560255507",非销售单,="0",="202603080000011463290270031",,2026-03-06 16:57:38,2026-03-07 10:18:33,2026-03-08 08:34:42,运费保险服务费,-1.10,CNY,应付,2026年3月7日商家结算款,21796493,,,,JD59993429420000166856,支出,20260307,0
="3429449009167356",="50700126030718751372095007",非销售单,="0",="202603080000011463290270031",,2026-03-06 08:52:10,2026-03-07 10:08:35,2026-03-08 08:34:42,运费保险服务费,-0.42,CNY,应付,2026年3月7日商家结算款,21796493,,,,JD60773429449009167356,支出,20260307,0
="3429449009159582",="50700126030718751368213507",非销售单,="0",="202603080000011463290270031",,2026-03-06 08:51:15,2026-03-07 10:08:34,2026-03-08 08:34:42,运费保险服务费,-0.42,CNY,应付,2026年3月7日商家结算款,21796493,,,,JD60773429449009159582,支出,20260307,0
="3429420000166856",="50700126030718751558463807",非销售单,="0",="202603080000011463290270031",,2026-03-06 16:57:38,2026-03-07 10:18:33,2026-03-08 08:34:42,运费保险服务费,-0.33,CNY,应付,2026年3月7日商家结算款,21796493,,,,JD60773429420000166856,支出,20260307,0
="3425494010209815",="10100126030718752880430907",订单,="10209193916961",="202603080000011463290270031","天旗工业防爆照相机石油化工防爆高清摄影相机 EXSY-2000-P1TQ",2026-03-02 10:48:07,2026-03-02 10:51:13,2026-03-08 08:34:42,交易服务费,-5.69,CNY,应付,2026年3月7日商家结算款,21796493,,,,,支出,20260307,1
="3427238009158193",="50700126030718750998858007",非销售单,="0",="202603080000011463290270031",,2026-03-04 16:32:49,2026-03-07 09:49:25,2026-03-08 08:34:42,运费保险服务费,-0.18,CNY,应付,2026年3月7日商家结算款,21796493,,,,JD60773427238009158193,支出,20260307,0
="3425494010209815",="32100126030718752698725607",非销售单,="10209193916961",="202603080000011463290270031","天旗工业防爆照相机石油化工防爆高清摄影相机 EXSY-2000-P1TQ",2026-03-07 11:03:08,2026-03-07 11:03:36,2026-03-08 08:34:42,随单送的京豆,-0.47,CNY,应付,2026年3月7日商家结算款,21796493,,,,,支出,20260307,0
="3427238009158193",="50700126030718751005128907",非销售单,="0",="202603080000011463290270031",,2026-03-04 16:32:49,2026-03-07 09:49:24,2026-03-08 08:34:42,运费保险服务费,-0.59,CNY,应付,2026年3月7日商家结算款,21796493,,,,JD59993427238009158193,支出,20260307,0
="3425494010209815",="50700126030718752741079207",订单,="0",="202603080000011463290270031",,2026-03-02 10:48:07,2026-03-07 11:04:38,2026-03-08 08:34:42,商品保险服务费,-5.69,CNY,应付,2026年3月7日商家结算款,21796493,,,,JD60963425494010209815,支出,20260307,0
="3425437008490625",="10100126030818791023301007",订单,="10209193916961",="202603090000011463290270031","天旗工业防爆照相机石油化工防爆高清摄影相机 EXSY-2000-P1TQ",2026-03-02 11:56:23,2026-03-02 11:59:30,2026-03-09 08:41:56,货款,949.00,CNY,应收,2026年3月8日商家结算款,21796493,,,,,收入,20260308,1
="3425437008490625",="10100126030818791023301207",订单,="10209193916961",="202603090000011463290270031","天旗工业防爆照相机石油化工防爆高清摄影相机 EXSY-2000-P1TQ",2026-03-02 11:56:23,2026-03-02 11:59:30,2026-03-09 08:41:56,交易服务费,-5.69,CNY,应付,2026年3月8日商家结算款,21796493,,,,,支出,20260308,1
="3425437008490625",="50700126030818790937982107",订单,="0",="202603090000011463290270031",,2026-03-02 11:56:23,2026-03-08 16:11:42,2026-03-09 08:41:56,商品保险服务费,-5.69,CNY,应付,2026年3月8日商家结算款,21796493,,,,JD60963425437008490625,支出,20260308,0
="3425437008490625",="10100126030818791023301107",订单,="10209193916961",="202603090000011463290270031","天旗工业防爆照相机石油化工防爆高清摄影相机 EXSY-2000-P1TQ",2026-03-02 11:56:23,2026-03-02 11:59:30,2026-03-09 08:41:56,佣金,-23.72,CNY,应付,2026年3月8日商家结算款,21796493,,,,,支出,20260308,1
="3427454008367843",="10100126030918816151817707",订单,="10179244273654",="202603100000011463290270031","天旗防爆电钻无刷电机化工厂冲击钻孔电起子工业手持电动螺丝刀 20V/2A 无冲击【一电一充+礼包】",2026-03-04 08:02:51,2026-03-04 08:06:08,2026-03-10 08:56:24,货款,895.30,CNY,应收,2026年3月9日商家结算款,21796493,,,,,收入,20260309,1
="3427454008367886",="10100126030918816150526607",订单,="10179244273654",="202603100000011463290270031","天旗防爆电钻无刷电机化工厂冲击钻孔电起子工业手持电动螺丝刀 20V/2A 无冲击【一电一充+礼包】",2026-03-04 08:05:40,2026-03-04 08:08:45,2026-03-10 08:56:24,佣金,-71.20,CNY,应付,2026年3月9日商家结算款,21796493,,,,,支出,20260309,1
="3432464009938940",="50700126030918805441896707",订单,="0",="202603100000011463290270031",,2026-03-09 10:04:27,2026-03-09 10:04:52,2026-03-10 08:56:24,商品保险服务费,-2.69,CNY,应付,2026年3月9日商家结算款,21796493,,,,JD19314847416625993432464009938940,支出,20260309,0
="3427454008367886",="50700126030918816067966307",订单,="0",="202603100000011463290270031",,2026-03-04 08:05:40,2026-03-09 15:29:39,2026-03-10 08:56:24,商品保险服务费,-2.23,CNY,应付,2026年3月9日商家结算款,21796493,,,,JD60963427454008367886,支出,20260309,0
="3427454008367843",="50700126030918816102894307",订单,="0",="202603100000011463290270031",,2026-03-04 08:02:51,2026-03-09 15:30:42,2026-03-10 08:56:24,商品保险服务费,-2.20,CNY,应付,2026年3月9日商家结算款,21796493,,,,JD60963427454008367843,支出,20260309,0
="3432464009938940",="50700126030918816842390707",非销售单,="0",="202603100000011463290270031",,2026-03-09 10:04:27,2026-03-09 16:08:05,2026-03-10 08:56:24,运费保险服务费,-1.63,CNY,应付,2026年3月9日商家结算款,21796493,,,,JD59993432464009938940,支出,20260309,0
="3432464009938940",="50700126030918816844186207",非销售单,="0",="202603100000011463290270031",,2026-03-09 10:04:27,2026-03-09 16:08:05,2026-03-10 08:56:24,运费保险服务费,-1.25,CNY,应付,2026年3月9日商家结算款,21796493,,,,JD60773432464009938940,支出,20260309,0
="3432457000290745",="50700126030918825745019907",订单,="0",="202603100000011463290270031",,2026-03-09 21:35:08,2026-03-09 21:35:37,2026-03-10 08:56:24,商品保险服务费,-2.11,CNY,应付,2026年3月9日商家结算款,21796493,,,,JD19314847416625993432457000290745,支出,20260309,0
="3427454008367843",="10100126030918816151817907",订单,="10179244273654",="202603100000011463290270031","天旗防爆电钻无刷电机化工厂冲击钻孔电起子工业手持电动螺丝刀 20V/2A 无冲击【一电一充+礼包】",2026-03-04 08:02:51,2026-03-04 08:06:08,2026-03-10 08:56:24,交易服务费,-5.37,CNY,应付,2026年3月9日商家结算款,21796493,,,,,支出,20260309,1
="3432464009938940",="50700126030918816829966007",订单,="0",="202603100000011463290270031",,2026-03-09 10:04:27,2026-03-09 16:08:05,2026-03-10 08:56:24,商品保险服务费,-0.92,CNY,应付,2026年3月9日商家结算款,21796493,,,,JD50333432464009938940,支出,20260309,0
="3427454008367886",="10100126030918816150526507",订单,="10179244273654",="202603100000011463290270031","天旗防爆电钻无刷电机化工厂冲击钻孔电起子工业手持电动螺丝刀 20V/2A 无冲击【一电一充+礼包】",2026-03-04 08:05:40,2026-03-04 08:08:45,2026-03-10 08:56:24,货款,890.00,CNY,应收,2026年3月9日商家结算款,21796493,,,,,收入,20260309,1
="3432464009938940",="50700126030918816836146607",订单,="0",="202603100000011463290270031",,2026-03-09 10:04:27,2026-03-09 16:08:06,2026-03-10 08:56:24,商品保险服务费,-3.36,CNY,应付,2026年3月9日商家结算款,21796493,,,,JD50133432464009938940,支出,20260309,0
="3427454008367886",="10100126030918816150526707",订单,="10179244273654",="202603100000011463290270031","天旗防爆电钻无刷电机化工厂冲击钻孔电起子工业手持电动螺丝刀 20V/2A 无冲击【一电一充+礼包】",2026-03-04 08:05:40,2026-03-04 08:08:45,2026-03-10 08:56:24,交易服务费,-5.34,CNY,应付,2026年3月9日商家结算款,21796493,,,,,支出,20260309,1
="3427454008367843",="10100126030918816151817807",订单,="10179244273654",="202603100000011463290270031","天旗防爆电钻无刷电机化工厂冲击钻孔电起子工业手持电动螺丝刀 20V/2A 无冲击【一电一充+礼包】",2026-03-04 08:02:51,2026-03-04 08:06:08,2026-03-10 08:56:24,佣金,-71.62,CNY,应付,2026年3月9日商家结算款,21796493,,,,,支出,20260309,1
="3427454008367843",="32100126030918816036186907",非销售单,="10179244273654",="202603100000011463290270031","天旗防爆电钻无刷电机化工厂冲击钻孔电起子工业手持电动螺丝刀 20V/2A 无冲击【一电一充+礼包】",2026-03-09 15:27:10,2026-03-09 15:27:35,2026-03-10 08:56:24,随单送的京豆,-0.88,CNY,应付,2026年3月9日商家结算款,21796493,,,,,支出,20260309,0
="3427454008367886",="32100126030918816022269207",非销售单,="10179244273654",="202603100000011463290270031","天旗防爆电钻无刷电机化工厂冲击钻孔电起子工业手持电动螺丝刀 20V/2A 无冲击【一电一充+礼包】",2026-03-09 15:27:10,2026-03-09 15:27:35,2026-03-10 08:56:24,随单送的京豆,-0.89,CNY,应付,2026年3月9日商家结算款,21796493,,,,,支出,20260309,0
="3433461015667644",="50700126031018840225854907",订单,="0",="202603110000011463290270031",,2026-03-10 12:41:02,2026-03-10 14:33:21,2026-03-11 08:56:04,商品保险服务费,-5.66,CNY,应付,2026年3月10日商家结算款,21796493,,,,JD50133433461015667644,支出,20260310,0
="3433461015667644",="50700126031018840274561807",非销售单,="0",="202603110000011463290270031",,2026-03-10 12:41:02,2026-03-10 14:35:34,2026-03-11 08:56:04,运费保险服务费,-4.14,CNY,应付,2026年3月10日商家结算款,21796493,,,,JD59993433461015667644,支出,20260310,0
="3427238009158193",="50700126031018830234563807",订单,="0",="202603110000011463290270031",,2026-03-04 16:32:49,2026-03-10 09:49:33,2026-03-11 08:56:04,商品保险服务费,-5.63,CNY,应付,2026年3月10日商家结算款,21796493,,,,JD60963427238009158193,支出,20260310,0
="3427238009158193",="10100126031018830359910907",订单,="10209193916961",="202603110000011463290270031","天旗工业防爆照相机石油化工防爆高清摄影相机 EXSY-2000-P1TQ",2026-03-04 16:32:49,2026-03-05 16:46:54,2026-03-11 08:56:04,佣金,-23.48,CNY,应付,2026年3月10日商家结算款,21796493,,,,,支出,20260310,1
="3431405018022843",="10100126031018839762896707",订单,="0",="202603110000011463290270031",,2026-03-08 14:24:53,2026-03-10 14:13:52,2026-03-11 08:56:04,综合违约金,-10.00,CNY,应付,2026年3月10日商家结算款,21796493,,,,,支出,20260310,0
="3433461015667644",="50700126031018840282134307",订单,="0",="202603110000011463290270031",,2026-03-10 12:41:02,2026-03-10 14:35:42,2026-03-11 08:56:04,商品保险服务费,-0.92,CNY,应付,2026年3月10日商家结算款,21796493,,,,JD50333433461015667644,支出,20260310,0
="3427238009158193",="10100126031018830359910807",订单,="10209193916961",="202603110000011463290270031","天旗工业防爆照相机石油化工防爆高清摄影相机 EXSY-2000-P1TQ",2026-03-04 16:32:49,2026-03-05 16:46:54,2026-03-11 08:56:04,货款,939.00,CNY,应收,2026年3月10日商家结算款,21796493,,,,,收入,20260310,1
="3427238009158193",="32100126031018830263440307",非销售单,="10209193916961",="202603110000011463290270031","天旗工业防爆照相机石油化工防爆高清摄影相机 EXSY-2000-P1TQ",2026-03-10 09:50:31,2026-03-10 09:51:06,2026-03-11 08:56:04,随单送的京豆,-0.46,CNY,应付,2026年3月10日商家结算款,21796493,,,,,支出,20260310,0
="3427238009158193",="10100126031018830359911007",订单,="10209193916961",="202603110000011463290270031","天旗工业防爆照相机石油化工防爆高清摄影相机 EXSY-2000-P1TQ",2026-03-04 16:32:49,2026-03-05 16:46:54,2026-03-11 08:56:04,交易服务费,-5.63,CNY,应付,2026年3月10日商家结算款,21796493,,,,,支出,20260310,1
="3433461015667644",="50700126031018838028611007",订单,="0",="202603110000011463290270031",,2026-03-10 12:41:02,2026-03-10 13:17:14,2026-03-11 08:56:04,商品保险服务费,-4.53,CNY,应付,2026年3月10日商家结算款,21796493,,,,JD19314847416625993433461015667644,支出,20260310,0
="3433461015667644",="50700126031018840206195007",非销售单,="0",="202603110000011463290270031",,2026-03-10 12:41:02,2026-03-10 14:32:05,2026-03-11 08:56:04,运费保险服务费,-0.48,CNY,应付,2026年3月10日商家结算款,21796493,,,,JD60773433461015667644,支出,20260310,0
="3432457000290745",="50700126031118855338520707",非销售单,="0",="202603120000011463290270031",,2026-03-09 21:35:08,2026-03-11 09:57:27,2026-03-12 12:04:57,运费保险服务费,-0.25,CNY,应付,2026年3月11日商家结算款,21796493,,,,JD60773432457000290745,支出,20260311,0
="3428477008068453",="10100126031118867081918207",订单,="10163132090712",="202603120000011463290270031","天旗防爆电动扳手无刷大扭力轮胎汽修工具化工厂风炮套筒冲击扳手 310N,M 4A/20V【俩电一充】",2026-03-05 16:48:18,2026-03-05 16:51:29,2026-03-12 12:04:57,货款,890.00,CNY,应收,2026年3月11日商家结算款,21796493,,,,,收入,20260311,1
="3429215015906043",="32100126031118864424710907",非销售单,="10209193916961",="202603120000011463290270031","天旗工业防爆照相机石油化工防爆高清摄影相机 EXSY-2000-P1TQ",2026-03-11 13:59:36,2026-03-11 14:00:05,2026-03-12 12:04:57,随单送的京豆,-0.47,CNY,应付,2026年3月11日商家结算款,21796493,,,,,支出,20260311,0
="3434405004519578",="50700126031118864844668707",订单,="0",="202603120000011463290270031",,2026-03-11 10:53:59,2026-03-11 14:17:21,2026-03-12 12:04:57,商品保险服务费,-3.24,CNY,应付,2026年3月11日商家结算款,21796493,,,,JD50133434405004519578,支出,20260311,0
="3434405004521584",="50700126031118864891012807",非销售单,="0",="202603120000011463290270031",,2026-03-11 10:54:27,2026-03-11 14:18:51,2026-03-12 12:04:57,运费保险服务费,-0.95,CNY,应付,2026年3月11日商家结算款,21796493,,,,JD59993434405004521584,支出,20260311,0
="3434405004519578",="50700126031118864898888207",非销售单,="0",="202603120000011463290270031",,2026-03-11 10:53:59,2026-03-11 14:18:59,2026-03-12 12:04:57,运费保险服务费,-0.95,CNY,应付,2026年3月11日商家结算款,21796493,,,,JD59993434405004519578,支出,20260311,0
="3434440000854350",="50700126031118862427245607",订单,="0",="202603120000011463290270031",,2026-03-11 12:25:30,2026-03-11 13:03:30,2026-03-12 12:04:57,商品保险服务费,-3.89,CNY,应付,2026年3月11日商家结算款,21796493,,,,JD19314847416625993434440000854350,支出,20260311,0
="3429215015906043",="10100126031118864559035007",订单,="10209193916961",="202603120000011463290270031","天旗工业防爆照相机石油化工防爆高清摄影相机 EXSY-2000-P1TQ",2026-03-06 12:13:30,2026-03-06 12:19:37,2026-03-12 12:04:57,交易服务费,-5.69,CNY,应付,2026年3月11日商家结算款,21796493,,,,,支出,20260311,1
="3434405004519578",="50700126031118864862262607",非销售单,="0",="202603120000011463290270031",,2026-03-11 10:53:59,2026-03-11 14:18:00,2026-03-12 12:04:57,运费保险服务费,-0.30,CNY,应付,2026年3月11日商家结算款,21796493,,,,JD60773434405004519578,支出,20260311,0
="3428477008068453",="10100126031118867081918407",订单,="10163132090712",="202603120000011463290270031","天旗防爆电动扳手无刷大扭力轮胎汽修工具化工厂风炮套筒冲击扳手 310N,M 4A/20V【俩电一充】",2026-03-05 16:48:18,2026-03-05 16:51:29,2026-03-12 12:04:57,交易服务费,-5.34,CNY,应付,2026年3月11日商家结算款,21796493,,,,,支出,20260311,1
="3434405004519578",="50700126031118856702025007",订单,="0",="202603120000011463290270031",,2026-03-11 10:53:59,2026-03-11 11:01:02,2026-03-12 12:04:57,商品保险服务费,-2.59,CNY,应付,2026年3月11日商家结算款,21796493,,,,JD19314847416625993434405004519578,支出,20260311,0
="3429243009309500",="10100126031118862283924307",订单,="10162527911099",="202603120000011463290270031","天旗防爆电锤电镐电钻工业多功能混凝土大功率冲击钻电动工具 20V/4A【俩电一充+礼包】",2026-03-06 15:13:36,2026-03-06 15:16:46,2026-03-12 12:04:57,佣金,-79.62,CNY,应付,2026年3月11日商家结算款,21796493,,,,,支出,20260311,1
="3434405004521584",="50700126031118864803630107",订单,="0",="202603120000011463290270031",,2026-03-11 10:54:27,2026-03-11 14:15:26,2026-03-12 12:04:57,商品保险服务费,-3.24,CNY,应付,2026年3月11日商家结算款,21796493,,,,JD50133434405004521584,支出,20260311,0
="3434417017073847",="50700126031118855917434307",非销售单,="0",="202603120000011463290270031",,2026-03-11 09:41:11,2026-03-11 10:29:30,2026-03-12 12:04:57,运费保险服务费,-2.86,CNY,应付,2026年3月11日商家结算款,21796493,,,,JD59993434417017073847,支出,20260311,0
="3429243009309500",="10100126031118862283924107",订单,="10162527911099",="202603120000011463290270031","天旗防爆电锤电镐电钻工业多功能混凝土大功率冲击钻电动工具 20V/4A【俩电一充+礼包】",2026-03-06 15:13:36,2026-03-06 15:16:46,2026-03-12 12:04:57,货款,995.30,CNY,应收,2026年3月11日商家结算款,21796493,,,,,收入,20260311,1
="3429215015906043",="50700126031118864701180807",订单,="0",="202603120000011463290270031",,2026-03-06 12:13:30,2026-03-11 14:10:56,2026-03-12 12:04:57,商品保险服务费,-5.69,CNY,应付,2026年3月11日商家结算款,21796493,,,,JD60963429215015906043,支出,20260311,0
="3434405004521584",="50700126031118864832317907",非销售单,="0",="202603120000011463290270031",,2026-03-11 10:54:27,2026-03-11 14:16:28,2026-03-12 12:04:57,运费保险服务费,-0.30,CNY,应付,2026年3月11日商家结算款,21796493,,,,JD60773434405004521584,支出,20260311,0
="3432457000290745",="50700126031118855344782407",非销售单,="0",="202603120000011463290270031",,2026-03-09 21:35:08,2026-03-11 09:57:28,2026-03-12 12:04:57,运费保险服务费,-1.32,CNY,应付,2026年3月11日商家结算款,21796493,,,,JD59993432457000290745,支出,20260311,0
="3434417017073847",="50700126031118855919520407",订单,="0",="202603120000011463290270031",,2026-03-11 09:41:11,2026-03-11 10:29:30,2026-03-12 12:04:57,商品保险服务费,-4.85,CNY,应付,2026年3月11日商家结算款,21796493,,,,JD50133434417017073847,支出,20260311,0
="3434295012603562",="50700126031118860761330207",订单,="0",="202603120000011463290270031",,2026-03-11 11:53:44,2026-03-11 12:26:21,2026-03-12 12:04:57,商品保险服务费,-8.66,CNY,应付,2026年3月11日商家结算款,21796493,,,,JD19314847416625993434295012603562,支出,20260311,0
="3429243009309500",="50700126031118862725738007",订单,="0",="202603120000011463290270031",,2026-03-06 15:13:36,2026-03-11 13:10:33,2026-03-12 12:04:57,商品保险服务费,-2.45,CNY,应付,2026年3月11日商家结算款,21796493,,,,JD60963429243009309500,支出,20260311,0
="3434417017073847",="50700126031118855924995507",订单,="0",="202603120000011463290270031",,2026-03-11 09:41:11,2026-03-11 10:29:30,2026-03-12 12:04:57,商品保险服务费,-0.92,CNY,应付,2026年3月11日商家结算款,21796493,,,,JD50333434417017073847,支出,20260311,0
="3434417017073847",="50700126031118855925093507",非销售单,="0",="202603120000011463290270031",,2026-03-11 09:41:11,2026-03-11 10:29:30,2026-03-12 12:04:57,运费保险服务费,-0.64,CNY,应付,2026年3月11日商家结算款,21796493,,,,JD60773434417017073847,支出,20260311,0
="3429215015906043",="10100126031118864559034807",订单,="10209193916961",="202603120000011463290270031","天旗工业防爆照相机石油化工防爆高清摄影相机 EXSY-2000-P1TQ",2026-03-06 12:13:30,2026-03-06 12:19:37,2026-03-12 12:04:57,货款,949.00,CNY,应收,2026年3月11日商家结算款,21796493,,,,,收入,20260311,1
="3432457000290745",="50700126031118855344386307",订单,="0",="202603120000011463290270031",,2026-03-09 21:35:08,2026-03-11 09:57:27,2026-03-12 12:04:57,商品保险服务费,-2.64,CNY,应付,2026年3月11日商家结算款,21796493,,,,JD50133432457000290745,支出,20260311,0
="3434405004525040",="50700126031118855989532307",订单,="0",="202603120000011463290270031",,2026-03-11 10:30:44,2026-03-11 10:32:55,2026-03-12 12:04:57,商品保险服务费,-4.53,CNY,应付,2026年3月11日商家结算款,21796493,,,,JD19314847416625993434405004525040,支出,20260311,0
="3434405004519578",="50700126031118864837445207",订单,="0",="202603120000011463290270031",,2026-03-11 10:53:59,2026-03-11 14:16:54,2026-03-12 12:04:57,商品保险服务费,-0.92,CNY,应付,2026年3月11日商家结算款,21796493,,,,JD50333434405004519578,支出,20260311,0
="3434447001020199",="50700126031118871737506507",订单,="0",="202603120000011463290270031",,2026-03-11 18:44:48,2026-03-11 18:45:13,2026-03-12 12:04:57,商品保险服务费,-2.11,CNY,应付,2026年3月11日商家结算款,21796493,,,,JD19314847416625993434447001020199,支出,20260311,0
="3434405004521584",="50700126031118856689200307",订单,="0",="202603120000011463290270031",,2026-03-11 10:54:27,2026-03-11 11:00:27,2026-03-12 12:04:57,商品保险服务费,-2.59,CNY,应付,2026年3月11日商家结算款,21796493,,,,JD19314847416625993434405004521584,支出,20260311,0
="3429243009309500",="10100126031118862283924507",订单,="10162527911099",="202603120000011463290270031","天旗防爆电锤电镐电钻工业多功能混凝土大功率冲击钻电动工具 20V/4A【俩电一充+礼包】",2026-03-06 15:13:36,2026-03-06 15:16:46,2026-03-12 12:04:57,交易服务费,-5.97,CNY,应付,2026年3月11日商家结算款,21796493,,,,,支出,20260311,1
="3434405004521584",="50700126031118864856801107",订单,="0",="202603120000011463290270031",,2026-03-11 10:54:27,2026-03-11 14:17:22,2026-03-12 12:04:57,商品保险服务费,-0.92,CNY,应付,2026年3月11日商家结算款,21796493,,,,JD50333434405004521584,支出,20260311,0
="3428477008068453",="10100126031118867081918307",订单,="10163132090712",="202603120000011463290270031","天旗防爆电动扳手无刷大扭力轮胎汽修工具化工厂风炮套筒冲击扳手 310N,M 4A/20V【俩电一充】",2026-03-05 16:48:18,2026-03-05 16:51:29,2026-03-12 12:04:57,佣金,-71.20,CNY,应付,2026年3月11日商家结算款,21796493,,,,,支出,20260311,1
="3429215015906043",="10100126031118864559034907",订单,="10209193916961",="202603120000011463290270031","天旗工业防爆照相机石油化工防爆高清摄影相机 EXSY-2000-P1TQ",2026-03-06 12:13:30,2026-03-06 12:19:37,2026-03-12 12:04:57,佣金,-23.72,CNY,应付,2026年3月11日商家结算款,21796493,,,,,支出,20260311,1
="3428477008068453",="50700126031118866947506607",订单,="0",="202603120000011463290270031",,2026-03-05 16:48:18,2026-03-11 16:04:10,2026-03-12 12:04:57,商品保险服务费,-2.23,CNY,应付,2026年3月11日商家结算款,21796493,,,,JD60963428477008068453,支出,20260311,0
="3434447001020199",="50700126031218881193232907",订单,="0",="202603130000011463290270031",,2026-03-11 18:44:48,2026-03-12 09:52:07,2026-03-13 08:44:57,商品保险服务费,-0.92,CNY,应付,2026年3月12日商家结算款,21796493,,,,JD50333434447001020199,支出,20260312,0
="3435423001948559",="50700126031218883152304307",非销售单,="0",="202603130000011463290270031",,2026-03-12 10:45:45,2026-03-12 11:15:02,2026-03-13 08:44:57,运费保险服务费,-0.21,CNY,应付,2026年3月12日商家结算款,21796493,,,,JD60773435423001948559,支出,20260312,0
="3434447001020199",="50700126031218881200689807",非销售单,="0",="202603130000011463290270031",,2026-03-11 18:44:48,2026-03-12 09:52:07,2026-03-13 08:44:57,运费保险服务费,-0.36,CNY,应付,2026年3月12日商家结算款,21796493,,,,JD60773434447001020199,支出,20260312,0
="3435423001948559",="50700126031218883168181707",非销售单,="0",="202603130000011463290270031",,2026-03-12 10:45:45,2026-03-12 11:15:21,2026-03-13 08:44:57,运费保险服务费,-7.06,CNY,应付,2026年3月12日商家结算款,21796493,,,,JD59993435423001948559,支出,20260312,0
="3434447001020199",="50700126031218881200193007",非销售单,="0",="202603130000011463290270031",,2026-03-11 18:44:48,2026-03-12 09:52:07,2026-03-13 08:44:57,运费保险服务费,-1.12,CNY,应付,2026年3月12日商家结算款,21796493,,,,JD59993434447001020199,支出,20260312,0
="3434447001020199",="50700126031218881189361507",订单,="0",="202603130000011463290270031",,2026-03-11 18:44:48,2026-03-12 09:52:07,2026-03-13 08:44:57,商品保险服务费,-2.64,CNY,应付,2026年3月12日商家结算款,21796493,,,,JD50133434447001020199,支出,20260312,0
="3435423001948559",="50700126031218883155985107",订单,="0",="202603130000011463290270031",,2026-03-12 10:45:45,2026-03-12 11:15:03,2026-03-13 08:44:57,商品保险服务费,-0.92,CNY,应付,2026年3月12日商家结算款,21796493,,,,JD50333435423001948559,支出,20260312,0
="3435428002209023",="50700126031218901447749007",订单,="0",="202603130000011463290270031",,2026-03-12 20:49:13,2026-03-12 20:49:59,2026-03-13 08:44:57,商品保险服务费,-6.43,CNY,应付,2026年3月12日商家结算款,21796493,,,,JD19314847416625993435428002209023,支出,20260312,0
="3429449009167356",="50700126031318915924661907",订单,="0",="202603140000011463290270031",,2026-03-06 08:52:10,2026-03-13 13:47:30,2026-03-14 12:04:22,商品保险服务费,-2.20,CNY,应付,2026年3月13日商家结算款,21796493,,,,JD60963429449009167356,支出,20260313,0
="3436216017717688",="50700126031318917089770207",非销售单,="0",="202603140000011463290270031",,2026-03-13 12:28:53,2026-03-13 14:33:31,2026-03-14 12:04:22,运费保险服务费,-0.76,CNY,应付,2026年3月13日商家结算款,21796493,,,,JD59993436216017717688,支出,20260313,0
="3422447012705993",="50700126031318917628244507",订单,="0",="202603140000011463290270031",,2026-02-27 17:31:24,2026-03-13 14:55:56,2026-03-14 12:04:22,商品保险服务费,-2.23,CNY,应付,2026年3月13日商家结算款,21796493,,,,JD60963422447012705993,支出,20260313,0
="3429449009159582",="10100126031318915393848707",订单,="10179244273654",="202603140000011463290270031","天旗防爆电钻无刷电机化工厂冲击钻孔电起子工业手持电动螺丝刀 20V/2A 无冲击【一电一充+礼包】",2026-03-06 08:51:15,2026-03-06 08:55:30,2026-03-14 12:04:22,货款,880.00,CNY,应收,2026年3月13日商家结算款,21796493,,,,,收入,20260313,1
="3429449009166504",="10100126031318915415675607",订单,="10165000894208",="202603140000011463290270031","补差价链接",2026-03-06 09:00:27,2026-03-06 09:03:37,2026-03-14 12:04:22,交易服务费,-7.02,CNY,应付,2026年3月13日商家结算款,21796493,,,,,支出,20260313,1
="3436216017717688",="50700126031318917153664307",订单,="0",="202603140000011463290270031",,2026-03-13 12:28:53,2026-03-13 14:36:07,2026-03-14 12:04:22,商品保险服务费,-9.59,CNY,应付,2026年3月13日商家结算款,21796493,,,,JD50133436216017717688,支出,20260313,0
="3434295012603562",="50700126031318906472448707",非销售单,="0",="202603140000011463290270031",,2026-03-11 11:53:44,2026-03-13 09:27:46,2026-03-14 12:04:22,运费保险服务费,-2.69,CNY,应付,2026年3月13日商家结算款,21796493,,,,JD59993434295012603562,支出,20260313,0
="3429449009167356",="10100126031318915277498907",订单,="10179244273654",="202603140000011463290270031","天旗防爆电钻无刷电机化工厂冲击钻孔电起子工业手持电动螺丝刀 20V/2A 无冲击【一电一充+礼包】",2026-03-06 08:52:10,2026-03-06 08:56:23,2026-03-14 12:04:22,交易服务费,-5.28,CNY,应付,2026年3月13日商家结算款,21796493,,,,,支出,20260313,1
="3429449009159582",="10100126031318915393848907",订单,="10179244273654",="202603140000011463290270031","天旗防爆电钻无刷电机化工厂冲击钻孔电起子工业手持电动螺丝刀 20V/2A 无冲击【一电一充+礼包】",2026-03-06 08:51:15,2026-03-06 08:55:30,2026-03-14 12:04:22,交易服务费,-5.28,CNY,应付,2026年3月13日商家结算款,21796493,,,,,支出,20260313,1
="3436216017717688",="50700126031318917160426307",订单,="0",="202603140000011463290270031",,2026-03-13 12:28:53,2026-03-13 14:36:07,2026-03-14 12:04:22,商品保险服务费,-0.92,CNY,应付,2026年3月13日商家结算款,21796493,,,,JD50333436216017717688,支出,20260313,0
="3422447012705993",="10100126031318917741838507",订单,="10163132090712",="202603140000011463290270031","天旗防爆电动扳手无刷大扭力轮胎汽修工具化工厂风炮套筒冲击扳手 310N,M 4A/20V【俩电一充】",2026-02-27 17:31:24,2026-02-27 17:35:25,2026-03-14 12:04:22,佣金,-71.20,CNY,应付,2026年3月13日商家结算款,21796493,,,,,支出,20260313,1
="3429449009166504",="10100126031318915415675407",订单,="10165000894208",="202603140000011463290270031","补差价链接",2026-03-06 09:00:27,2026-03-06 09:03:37,2026-03-14 12:04:22,佣金,-11.70,CNY,应付,2026年3月13日商家结算款,21796493,,,,,支出,20260313,1
="3434295012603562",="50700126031318906478602707",订单,="0",="202603140000011463290270031",,2026-03-11 11:53:44,2026-03-13 09:27:44,2026-03-14 12:04:22,商品保险服务费,-10.83,CNY,应付,2026年3月13日商家结算款,21796493,,,,JD50133434295012603562,支出,20260313,0
="3429449009167356",="10100126031318915277498707",订单,="10179244273654",="202603140000011463290270031","天旗防爆电钻无刷电机化工厂冲击钻孔电起子工业手持电动螺丝刀 20V/2A 无冲击【一电一充+礼包】",2026-03-06 08:52:10,2026-03-06 08:56:23,2026-03-14 12:04:22,货款,880.00,CNY,应收,2026年3月13日商家结算款,21796493,,,,,收入,20260313,1
="3436216017717688",="50700126031318917104407307",非销售单,="0",="202603140000011463290270031",,2026-03-13 12:28:53,2026-03-13 14:33:42,2026-03-14 12:04:22,运费保险服务费,-0.17,CNY,应付,2026年3月13日商家结算款,21796493,,,,JD60773436216017717688,支出,20260313,0
="3434295012603562",="50700126031318906467373107",非销售单,="0",="202603140000011463290270031",,2026-03-11 11:53:44,2026-03-13 09:27:43,2026-03-14 12:04:22,运费保险服务费,-0.55,CNY,应付,2026年3月13日商家结算款,21796493,,,,JD60773434295012603562,支出,20260313,0
="3429449009167356",="10100126031318915277498807",订单,="10179244273654",="202603140000011463290270031","天旗防爆电钻无刷电机化工厂冲击钻孔电起子工业手持电动螺丝刀 20V/2A 无冲击【一电一充+礼包】",2026-03-06 08:52:10,2026-03-06 08:56:23,2026-03-14 12:04:22,佣金,-70.40,CNY,应付,2026年3月13日商家结算款,21796493,,,,,支出,20260313,1
="3422447012705993",="10100126031318917741838607",订单,="10163132090712",="202603140000011463290270031","天旗防爆电动扳手无刷大扭力轮胎汽修工具化工厂风炮套筒冲击扳手 310N,M 4A/20V【俩电一充】",2026-02-27 17:31:24,2026-02-27 17:35:25,2026-03-14 12:04:22,交易服务费,-5.34,CNY,应付,2026年3月13日商家结算款,21796493,,,,,支出,20260313,1
="3429449009166504",="10100126031318915415675307",订单,="10165000894208",="202603140000011463290270031","补差价链接",2026-03-06 09:00:27,2026-03-06 09:03:37,2026-03-14 12:04:22,货款,1170.00,CNY,应收,2026年3月13日商家结算款,21796493,,,,,收入,20260313,1
="3429449009159582",="50700126031318915998378107",订单,="0",="202603140000011463290270031",,2026-03-06 08:51:15,2026-03-13 13:49:44,2026-03-14 12:04:22,商品保险服务费,-2.20,CNY,应付,2026年3月13日商家结算款,21796493,,,,JD60963429449009159582,支出,20260313,0
="3429449009159582",="10100126031318915393848807",订单,="10179244273654",="202603140000011463290270031","天旗防爆电钻无刷电机化工厂冲击钻孔电起子工业手持电动螺丝刀 20V/2A 无冲击【一电一充+礼包】",2026-03-06 08:51:15,2026-03-06 08:55:30,2026-03-14 12:04:22,佣金,-70.40,CNY,应付,2026年3月13日商家结算款,21796493,,,,,支出,20260313,1
="3422447012705993",="10100126031318917741838407",订单,="10163132090712",="202603140000011463290270031","天旗防爆电动扳手无刷大扭力轮胎汽修工具化工厂风炮套筒冲击扳手 310N,M 4A/20V【俩电一充】",2026-02-27 17:31:24,2026-02-27 17:35:25,2026-03-14 12:04:22,货款,890.00,CNY,应收,2026年3月13日商家结算款,21796493,,,,,收入,20260313,1
="3432464009938940",="10100126031418934627654807",订单,="10179244273657",="202603150000011463290270031","天旗防爆电钻无刷电机化工厂冲击钻孔电起子工业手持电动螺丝刀 20V/2A 带冲击【两电一充+礼包】",2026-03-09 10:04:27,2026-03-09 10:07:42,2026-03-15 12:01:54,交易服务费,-6.81,CNY,应付,2026年3月14日商家结算款,21796493,,,,,支出,20260314,1
="3435428002209023",="50700126031418932436175107",非销售单,="0",="202603150000011463290270031",,2026-03-12 20:49:13,2026-03-14 08:40:39,2026-03-15 12:01:54,运费保险服务费,-1.39,CNY,应付,2026年3月14日商家结算款,21796493,,,,JD60773435428002209023,支出,20260314,0
="3432457000290745",="10100126031418941234966307",订单,="10163132090712",="202603150000011463290270031","天旗防爆电动扳手无刷大扭力轮胎汽修工具化工厂风炮套筒冲击扳手 310N,M 4A/20V【俩电一充】",2026-03-09 21:35:08,2026-03-09 21:38:29,2026-03-15 12:01:54,交易服务费,-5.37,CNY,应付,2026年3月14日商家结算款,21796493,,,,,支出,20260314,1
="3432464009938940",="50700126031418934461838207",订单,="0",="202603150000011463290270031",,2026-03-09 10:04:27,2026-03-14 10:34:11,2026-03-15 12:01:54,商品保险服务费,-2.80,CNY,应付,2026年3月14日商家结算款,21796493,,,,JD60963432464009938940,支出,20260314,0
="3432464009938940",="10100126031418934627654507",订单,="10179244273657",="202603150000011463290270031","天旗防爆电钻无刷电机化工厂冲击钻孔电起子工业手持电动螺丝刀 20V/2A 带冲击【两电一充+礼包】",2026-03-09 10:04:27,2026-03-09 10:07:42,2026-03-15 12:01:54,货款,1134.30,CNY,应收,2026年3月14日商家结算款,21796493,,,,,收入,20260314,1
="3435428002209023",="50700126031418932424452807",非销售单,="0",="202603150000011463290270031",,2026-03-12 20:49:13,2026-03-14 08:40:39,2026-03-15 12:01:54,运费保险服务费,-1.54,CNY,应付,2026年3月14日商家结算款,21796493,,,,JD59993435428002209023,支出,20260314,0
="3432464009938940",="10100126031418934627654707",订单,="10179244273657",="202603150000011463290270031","天旗防爆电钻无刷电机化工厂冲击钻孔电起子工业手持电动螺丝刀 20V/2A 带冲击【两电一充+礼包】",2026-03-09 10:04:27,2026-03-09 10:07:42,2026-03-15 12:01:54,佣金,-90.74,CNY,应付,2026年3月14日商家结算款,21796493,,,,,支出,20260314,1
="3434440000854350",="50700126031418932410881507",非销售单,="0",="202603150000011463290270031",,2026-03-11 12:25:30,2026-03-14 08:38:44,2026-03-15 12:01:54,运费保险服务费,-0.45,CNY,应付,2026年3月14日商家结算款,21796493,,,,JD60773434440000854350,支出,20260314,0
="3434440000854350",="50700126031418932400734107",非销售单,="0",="202603150000011463290270031",,2026-03-11 12:25:30,2026-03-14 08:38:44,2026-03-15 12:01:54,运费保险服务费,-1.77,CNY,应付,2026年3月14日商家结算款,21796493,,,,JD59993434440000854350,支出,20260314,0
="3432457000290745",="50700126031418942232347607",订单,="0",="202603150000011463290270031",,2026-03-09 21:35:08,2026-03-14 13:35:36,2026-03-15 12:01:54,商品保险服务费,-2.20,CNY,应付,2026年3月14日商家结算款,21796493,,,,JD60963432457000290745,支出,20260314,0
="3434440000854350",="50700126031418932396364507",订单,="0",="202603150000011463290270031",,2026-03-11 12:25:30,2026-03-14 08:38:44,2026-03-15 12:01:54,商品保险服务费,-4.86,CNY,应付,2026年3月14日商家结算款,21796493,,,,JD50133434440000854350,支出,20260314,0
="3432457000290745",="10100126031418941234966207",订单,="10163132090712",="202603150000011463290270031","天旗防爆电动扳手无刷大扭力轮胎汽修工具化工厂风炮套筒冲击扳手 310N,M 4A/20V【俩电一充】",2026-03-09 21:35:08,2026-03-09 21:38:29,2026-03-15 12:01:54,佣金,-71.62,CNY,应付,2026年3月14日商家结算款,21796493,,,,,支出,20260314,1
="3435428002209023",="50700126031418932434883907",订单,="0",="202603150000011463290270031",,2026-03-12 20:49:13,2026-03-14 08:40:39,2026-03-15 12:01:54,商品保险服务费,-8.03,CNY,应付,2026年3月14日商家结算款,21796493,,,,JD50133435428002209023,支出,20260314,0
="3432457000290745",="10100126031418941234966107",订单,="10163132090712",="202603150000011463290270031","天旗防爆电动扳手无刷大扭力轮胎汽修工具化工厂风炮套筒冲击扳手 310N,M 4A/20V【俩电一充】",2026-03-09 21:35:08,2026-03-09 21:38:29,2026-03-15 12:01:54,货款,895.30,CNY,应收,2026年3月14日商家结算款,21796493,,,,,收入,20260314,1
="3433461015667644",="10100126031518965540231507",订单,="10163132090713",="202603160000011463290270031","天旗防爆电动扳手无刷大扭力轮胎汽修工具化工厂风炮套筒冲击扳手 310N,M 5A/20V【俩电一充】",2026-03-10 12:41:02,2026-03-10 12:45:08,2026-03-16 08:43:33,佣金,-152.26,CNY,应付,2026年3月15日商家结算款,21796493,,,,,支出,20260315,2
="3433461015667644",="10100126031518965540231407",订单,="10163132090713",="202603160000011463290270031","天旗防爆电动扳手无刷大扭力轮胎汽修工具化工厂风炮套筒冲击扳手 310N,M 5A/20V【俩电一充】",2026-03-10 12:41:02,2026-03-10 12:45:08,2026-03-16 08:43:33,货款,1903.30,CNY,应收,2026年3月15日商家结算款,21796493,,,,,收入,20260315,2
="3438445016830297",="50700126031518972456110207",订单,="0",="202603160000011463290270031",,2026-03-15 14:14:00,2026-03-15 14:38:45,2026-03-16 08:43:33,商品保险服务费,-15.76,CNY,应付,2026年3月15日商家结算款,21796493,,,,JD19314847416625993438445016830297,支出,20260315,0
="3433461015667644",="10100126031518965540231607",订单,="10163132090713",="202603160000011463290270031","天旗防爆电动扳手无刷大扭力轮胎汽修工具化工厂风炮套筒冲击扳手 310N,M 5A/20V【俩电一充】",2026-03-10 12:41:02,2026-03-10 12:45:08,2026-03-16 08:43:33,交易服务费,-11.42,CNY,应付,2026年3月15日商家结算款,21796493,,,,,支出,20260315,2
="3433461015667644",="50700126031518965876970307",订单,="0",="202603160000011463290270031",,2026-03-10 12:41:02,2026-03-15 12:02:08,2026-03-16 08:43:33,商品保险服务费,-4.72,CNY,应付,2026年3月15日商家结算款,21796493,,,,JD60963433461015667644,支出,20260315,0
="3434405004519578",="10100126031619000442401307",订单,="10163132090713",="202603170000011463290270031","天旗防爆电动扳手无刷大扭力轮胎汽修工具化工厂风炮套筒冲击扳手 310N,M 5A/20V【俩电一充】",2026-03-11 10:53:59,2026-03-11 11:01:41,2026-03-17 12:01:27,佣金,-87.62,CNY,应付,2026年3月16日商家结算款,21796493,,,,,支出,20260316,1
="3439460002357098",="50700126031619003491615307",订单,="0",="202603170000011463290270031",,2026-03-16 17:52:32,2026-03-16 17:54:49,2026-03-17 12:01:27,商品保险服务费,-2.57,CNY,应付,2026年3月16日商家结算款,21796493,,,,JD19314847416625993439460002357098,支出,20260316,0
="3429412001742912",="50700126031618999212791207",订单,="0",="202603170000011463290270031",,2026-03-06 10:45:03,2026-03-16 14:47:21,2026-03-17 12:01:27,商品保险服务费,-5.69,CNY,应付,2026年3月16日商家结算款,21796493,,,,JD60963429412001742912,支出,20260316,0
="3434405004521584",="10100126031619000438827507",订单,="10163132090713",="202603170000011463290270031","天旗防爆电动扳手无刷大扭力轮胎汽修工具化工厂风炮套筒冲击扳手 310N,M 5A/20V【俩电一充】",2026-03-11 10:54:27,2026-03-11 11:01:11,2026-03-17 12:01:27,交易服务费,-6.57,CNY,应付,2026年3月16日商家结算款,21796493,,,,,支出,20260316,1
="3429420000166856",="50700126031619001320425007",订单,="0",="202603170000011463290270031",,2026-03-06 16:57:38,2026-03-16 16:34:50,2026-03-17 12:01:27,商品保险服务费,-5.69,CNY,应付,2026年3月16日商家结算款,21796493,,,,JD60963429420000166856,支出,20260316,0
="3434447001020199",="10100126031618996898809407",订单,="10163132090712",="202603170000011463290270031","天旗防爆电动扳手无刷大扭力轮胎汽修工具化工厂风炮套筒冲击扳手 310N,M 4A/20V【俩电一充】",2026-03-11 18:44:48,2026-03-11 18:48:04,2026-03-17 12:01:27,货款,895.30,CNY,应收,2026年3月16日商家结算款,21796493,,,,,收入,20260316,1
="3434447001020199",="50700126031618997421598007",订单,="0",="202603170000011463290270031",,2026-03-11 18:44:48,2026-03-16 13:35:49,2026-03-17 12:01:27,商品保险服务费,-2.20,CNY,应付,2026年3月16日商家结算款,21796493,,,,JD60963434447001020199,支出,20260316,0
="3434405004521584",="50700126031619000316775107",订单,="0",="202603170000011463290270031",,2026-03-11 10:54:27,2026-03-16 15:43:11,2026-03-17 12:01:27,商品保险服务费,-2.70,CNY,应付,2026年3月16日商家结算款,21796493,,,,JD60963434405004521584,支出,20260316,0
="3434447001020199",="10100126031618996898810707",订单,="10163132090712",="202603170000011463290270031","天旗防爆电动扳手无刷大扭力轮胎汽修工具化工厂风炮套筒冲击扳手 310N,M 4A/20V【俩电一充】",2026-03-11 18:44:48,2026-03-11 18:48:04,2026-03-17 12:01:27,交易服务费,-5.37,CNY,应付,2026年3月16日商家结算款,21796493,,,,,支出,20260316,1
="3429420000166856",="10100126031619001478079207",订单,="10209193916961",="202603170000011463290270031","天旗工业防爆照相机石油化工防爆高清摄影相机 EXSY-2000-P1TQ",2026-03-06 16:57:38,2026-03-06 17:00:51,2026-03-17 12:01:27,交易服务费,-5.69,CNY,应付,2026年3月16日商家结算款,21796493,,,,,支出,20260316,1
="3429412001742912",="10100126031618999217225807",订单,="10209193916961",="202603170000011463290270031","天旗工业防爆照相机石油化工防爆高清摄影相机 EXSY-2000-P1TQ",2026-03-06 10:45:03,2026-03-06 10:48:15,2026-03-17 12:01:27,货款,949.00,CNY,应收,2026年3月16日商家结算款,21796493,,,,,收入,20260316,1
="3434405004519578",="10100126031619000442401207",订单,="10163132090713",="202603170000011463290270031","天旗防爆电动扳手无刷大扭力轮胎汽修工具化工厂风炮套筒冲击扳手 310N,M 5A/20V【俩电一充】",2026-03-11 10:53:59,2026-03-11 11:01:41,2026-03-17 12:01:27,货款,1095.30,CNY,应收,2026年3月16日商家结算款,21796493,,,,,收入,20260316,1
="3434447001020199",="10100126031618996898810407",订单,="10163132090712",="202603170000011463290270031","天旗防爆电动扳手无刷大扭力轮胎汽修工具化工厂风炮套筒冲击扳手 310N,M 4A/20V【俩电一充】",2026-03-11 18:44:48,2026-03-11 18:48:04,2026-03-17 12:01:27,佣金,-71.62,CNY,应付,2026年3月16日商家结算款,21796493,,,,,支出,20260316,1
="3429412001742912",="10100126031618999217226007",订单,="10209193916961",="202603170000011463290270031","天旗工业防爆照相机石油化工防爆高清摄影相机 EXSY-2000-P1TQ",2026-03-06 10:45:03,2026-03-06 10:48:15,2026-03-17 12:01:27,交易服务费,-5.69,CNY,应付,2026年3月16日商家结算款,21796493,,,,,支出,20260316,1
="3434405004521584",="10100126031619000438827407",订单,="10163132090713",="202603170000011463290270031","天旗防爆电动扳手无刷大扭力轮胎汽修工具化工厂风炮套筒冲击扳手 310N,M 5A/20V【俩电一充】",2026-03-11 10:54:27,2026-03-11 11:01:11,2026-03-17 12:01:27,佣金,-87.62,CNY,应付,2026年3月16日商家结算款,21796493,,,,,支出,20260316,1
="3434405004519578",="50700126031619000304748707",订单,="0",="202603170000011463290270031",,2026-03-11 10:53:59,2026-03-16 15:43:09,2026-03-17 12:01:27,商品保险服务费,-2.70,CNY,应付,2026年3月16日商家结算款,21796493,,,,JD60963434405004519578,支出,20260316,0
="3434405004519578",="10100126031619000442401407",订单,="10163132090713",="202603170000011463290270031","天旗防爆电动扳手无刷大扭力轮胎汽修工具化工厂风炮套筒冲击扳手 310N,M 5A/20V【俩电一充】",2026-03-11 10:53:59,2026-03-11 11:01:41,2026-03-17 12:01:27,交易服务费,-6.57,CNY,应付,2026年3月16日商家结算款,21796493,,,,,支出,20260316,1
="3434405004521584",="10100126031619000438827307",订单,="10163132090713",="202603170000011463290270031","天旗防爆电动扳手无刷大扭力轮胎汽修工具化工厂风炮套筒冲击扳手 310N,M 5A/20V【俩电一充】",2026-03-11 10:54:27,2026-03-11 11:01:11,2026-03-17 12:01:27,货款,1095.30,CNY,应收,2026年3月16日商家结算款,21796493,,,,,收入,20260316,1
="3429420000166856",="10100126031619001478079007",订单,="10209193916961",="202603170000011463290270031","天旗工业防爆照相机石油化工防爆高清摄影相机 EXSY-2000-P1TQ",2026-03-06 16:57:38,2026-03-06 17:00:51,2026-03-17 12:01:27,货款,949.00,CNY,应收,2026年3月16日商家结算款,21796493,,,,,收入,20260316,1
="3429420000166856",="10100126031619001478079107",订单,="10209193916961",="202603170000011463290270031","天旗工业防爆照相机石油化工防爆高清摄影相机 EXSY-2000-P1TQ",2026-03-06 16:57:38,2026-03-06 17:00:51,2026-03-17 12:01:27,佣金,-23.72,CNY,应付,2026年3月16日商家结算款,21796493,,,,,支出,20260316,1
="3429412001742912",="10100126031618999217225907",订单,="10209193916961",="202603170000011463290270031","天旗工业防爆照相机石油化工防爆高清摄影相机 EXSY-2000-P1TQ",2026-03-06 10:45:03,2026-03-06 10:48:15,2026-03-17 12:01:27,佣金,-23.72,CNY,应付,2026年3月16日商家结算款,21796493,,,,,支出,20260316,1
="3434417017073847",="10100126031719022855911007",订单,="10165261432031",="202603180000011463290270031","天旗工业防爆吸尘器 整机防爆 工厂吸铁屑木屑铝屑粉尘镁粉车间 手持式防爆吸尘器",2026-03-11 09:41:11,2026-03-11 09:44:17,2026-03-18 12:02:48,货款,984.30,CNY,应收,2026年3月17日商家结算款,21796493,,,,,收入,20260317,1
="3435423001948559",="10100126031719021985414907",订单,="10165261432031",="202603180000011463290270031","天旗工业防爆吸尘器 整机防爆 工厂吸铁屑木屑铝屑粉尘镁粉车间 手持式防爆吸尘器",2026-03-12 10:45:45,2026-03-12 10:48:50,2026-03-18 12:02:48,交易服务费,-23.80,CNY,应付,2026年3月17日商家结算款,21796493,,,,,支出,20260317,4
="3435423016650163",="10100126031719021988457507",订单,="10165000894208",="202603180000011463290270031","补差价链接",2026-03-12 10:51:35,2026-03-12 10:54:41,2026-03-18 12:02:48,货款,580.00,CNY,应收,2026年3月17日商家结算款,21796493,,,,,收入,20260317,1
="3434417017073847",="10100126031719022855911307",订单,="10165261432031",="202603180000011463290270031","天旗工业防爆吸尘器 整机防爆 工厂吸铁屑木屑铝屑粉尘镁粉车间 手持式防爆吸尘器",2026-03-11 09:41:11,2026-03-11 09:44:17,2026-03-18 12:02:48,交易服务费,-5.91,CNY,应付,2026年3月17日商家结算款,21796493,,,,,支出,20260317,1
="3439460002357098",="50700126031719024464919207",非销售单,="0",="202603180000011463290270031",,2026-03-16 17:52:32,2026-03-17 14:50:23,2026-03-18 12:02:48,运费保险服务费,-1.22,CNY,应付,2026年3月17日商家结算款,21796493,,,,JD60773439460002357098,支出,20260317,0
="3435423001948559",="10100126031719021985413907",订单,="10165261432031",="202603180000011463290270031","天旗工业防爆吸尘器 整机防爆 工厂吸铁屑木屑铝屑粉尘镁粉车间 手持式防爆吸尘器",2026-03-12 10:45:45,2026-03-12 10:48:50,2026-03-18 12:02:48,货款,3966.00,CNY,应收,2026年3月17日商家结算款,21796493,,,,,收入,20260317,4
="3435423001948559",="50700126031719022725331807",订单,="0",="202603180000011463290270031",,2026-03-12 10:45:45,2026-03-17 13:39:58,2026-03-18 12:02:48,商品保险服务费,-9.92,CNY,应付,2026年3月17日商家结算款,21796493,,,,JD60963435423001948559,支出,20260317,0
="3439460002357098",="50700126031719024531044507",订单,="0",="202603180000011463290270031",,2026-03-16 17:52:32,2026-03-17 14:53:26,2026-03-18 12:02:48,商品保险服务费,-0.92,CNY,应付,2026年3月17日商家结算款,21796493,,,,JD50333439460002357098,支出,20260317,0
="3435423001948559",="10100126031719021985414707",订单,="10165261432031",="202603180000011463290270031","天旗工业防爆吸尘器 整机防爆 工厂吸铁屑木屑铝屑粉尘镁粉车间 手持式防爆吸尘器",2026-03-12 10:45:45,2026-03-12 10:48:50,2026-03-18 12:02:48,佣金,-198.30,CNY,应付,2026年3月17日商家结算款,21796493,,,,,支出,20260317,4
="3435423016650163",="10100126031719021988457707",订单,="10165000894208",="202603180000011463290270031","补差价链接",2026-03-12 10:51:35,2026-03-12 10:54:41,2026-03-18 12:02:48,佣金,-5.80,CNY,应付,2026年3月17日商家结算款,21796493,,,,,支出,20260317,1
="3434417017073847",="50700126031719023399764007",订单,="0",="202603180000011463290270031",,2026-03-11 09:41:11,2026-03-17 14:06:09,2026-03-18 12:02:48,商品保险服务费,-2.42,CNY,应付,2026年3月17日商家结算款,21796493,,,,JD60963434417017073847,支出,20260317,0
="3435423016650163",="10100126031719021988457807",订单,="10165000894208",="202603180000011463290270031","补差价链接",2026-03-12 10:51:35,2026-03-12 10:54:41,2026-03-18 12:02:48,交易服务费,-3.48,CNY,应付,2026年3月17日商家结算款,21796493,,,,,支出,20260317,1
="3440460002635525",="50700126031719024833022407",订单,="0",="202603180000011463290270031",,2026-03-17 15:06:11,2026-03-17 15:06:34,2026-03-18 12:02:48,商品保险服务费,-16.25,CNY,应付,2026年3月17日商家结算款,21796493,,,,JD19314847416625993440460002635525,支出,20260317,0
="3439460002357098",="50700126031719024466945307",订单,="0",="202603180000011463290270031",,2026-03-16 17:52:32,2026-03-17 14:50:41,2026-03-18 12:02:48,商品保险服务费,-3.21,CNY,应付,2026年3月17日商家结算款,21796493,,,,JD50133439460002357098,支出,20260317,0
="3439460002357098",="50700126031719024507617107",非销售单,="0",="202603180000011463290270031",,2026-03-16 17:52:32,2026-03-17 14:52:15,2026-03-18 12:02:48,运费保险服务费,-2.43,CNY,应付,2026年3月17日商家结算款,21796493,,,,JD59993439460002357098,支出,20260317,0
="3434417017073847",="10100126031719022855911207",订单,="10165261432031",="202603180000011463290270031","天旗工业防爆吸尘器 整机防爆 工厂吸铁屑木屑铝屑粉尘镁粉车间 手持式防爆吸尘器",2026-03-11 09:41:11,2026-03-11 09:44:17,2026-03-18 12:02:48,佣金,-49.22,CNY,应付,2026年3月17日商家结算款,21796493,,,,,支出,20260317,1
="3434295012603562",="10100126031819054540763707",订单,="10163132090712",="202603190000011463290270031","天旗防爆电动扳手无刷大扭力轮胎汽修工具化工厂风炮套筒冲击扳手 310N,M 4.0A/20V【俩电标配+22*42防爆套筒】",2026-03-11 11:53:44,2026-03-11 11:58:25,2026-03-19 12:03:06,佣金,-290.02,CNY,应付,2026年3月18日商家结算款,21796493,,,,,支出,20260318,4
="3436216017717688",="10100126031819038858314807",订单,="10209193916961",="202603190000011463290270031","天旗工业防爆照相机石油化工防爆高清摄影相机 EXSY-2000-P1TQ",2026-03-13 12:28:53,2026-03-13 12:32:16,2026-03-19 12:03:06,货款,1918.00,CNY,应收,2026年3月18日商家结算款,21796493,,,,,收入,20260318,2
="3434295012603562",="50700126031819054304102507",订单,="10163132090712",="202603190000011463290270031","天旗防爆电动扳手无刷大扭力轮胎汽修工具化工厂风炮套筒冲击扳手 310N,M 4.0A/20V【俩电标配+22*42防爆套筒】",2026-03-11 11:53:44,2026-03-18 17:58:37,2026-03-19 12:03:06,商品保险服务费,-9.03,CNY,应付,2026年3月18日商家结算款,21796493,,,,JD60963434295012603562,支出,20260318,0
="3436216017717688",="50700126031819038746720907",订单,="10209193916961",="202603190000011463290270031","天旗工业防爆照相机石油化工防爆高清摄影相机 EXSY-2000-P1TQ",2026-03-13 12:28:53,2026-03-18 09:03:28,2026-03-19 12:03:06,商品保险服务费,-11.51,CNY,应付,2026年3月18日商家结算款,21796493,,,,JD60963436216017717688,支出,20260318,0
="3441461017937945",="50700126031819052984542307",订单,="10163132090715",="202603190000011463290270031","天旗防爆电动扳手无刷大扭力轮胎汽修工具化工厂风炮套筒冲击扳手 310N,M 5.0A/20V【俩电标配+22*60防爆套筒】",2026-03-18 17:14:49,2026-03-18 17:16:40,2026-03-19 12:03:06,商品保险服务费,-9.25,CNY,应付,2026年3月18日商家结算款,21796493,,,,JD19314847416625993441461017937945,支出,20260318,0
="3434295012603562",="10100126031819054540763807",订单,="10163132090712",="202603190000011463290270031","天旗防爆电动扳手无刷大扭力轮胎汽修工具化工厂风炮套筒冲击扳手 310N,M 4.0A/20V【俩电标配+22*42防爆套筒】",2026-03-11 11:53:44,2026-03-11 11:58:25,2026-03-19 12:03:06,交易服务费,-21.75,CNY,应付,2026年3月18日商家结算款,21796493,,,,,支出,20260318,4
="3436216017717688",="10100126031819038858315407",订单,="10209193916961",="202603190000011463290270031","天旗工业防爆照相机石油化工防爆高清摄影相机 EXSY-2000-P1TQ",2026-03-13 12:28:53,2026-03-13 12:32:16,2026-03-19 12:03:06,交易服务费,-11.51,CNY,应付,2026年3月18日商家结算款,21796493,,,,,支出,20260318,2
="3438445016830297",="50700126031819039498581407",非销售单,="10176597499228",="202603190000011463290270031","天旗防爆电动扳手无刷大扭力轮胎汽修工具化工厂风炮套筒冲击扳手 600N,M 4.0A/21V【俩电标配】",2026-03-15 14:14:00,2026-03-18 09:47:41,2026-03-19 12:03:06,运费保险服务费,-0.45,CNY,应付,2026年3月18日商家结算款,21796493,,,,JD60773438445016830297,支出,20260318,0
="3434295012603562",="10100126031819054540763507",订单,="10163132090712",="202603190000011463290270031","天旗防爆电动扳手无刷大扭力轮胎汽修工具化工厂风炮套筒冲击扳手 310N,M 4.0A/20V【俩电标配+22*42防爆套筒】",2026-03-11 11:53:44,2026-03-11 11:58:25,2026-03-19 12:03:06,货款,3625.30,CNY,应收,2026年3月18日商家结算款,21796493,,,,,收入,20260318,4
="3436216017717688",="10100126031819038858315307",订单,="10209193916961",="202603190000011463290270031","天旗工业防爆照相机石油化工防爆高清摄影相机 EXSY-2000-P1TQ",2026-03-13 12:28:53,2026-03-13 12:32:16,2026-03-19 12:03:06,佣金,-47.95,CNY,应付,2026年3月18日商家结算款,21796493,,,,,支出,20260318,2
="3438445016830297",="50700126031819039499178207",非销售单,="10176597499228",="202603190000011463290270031","天旗防爆电动扳手无刷大扭力轮胎汽修工具化工厂风炮套筒冲击扳手 600N,M 4.0A/21V【俩电标配】",2026-03-15 14:14:00,2026-03-18 09:47:42,2026-03-19 12:03:06,运费保险服务费,-2.13,CNY,应付,2026年3月18日商家结算款,21796493,,,,JD59993438445016830297,支出,20260318,0
="3441445017687783",="50700126031819059281944207",订单,="10163132090713",="202603190000011463290270031","天旗防爆电动扳手无刷大扭力轮胎汽修工具化工厂风炮套筒冲击扳手 310N,M 5.0A/20V【俩电标配+22*42防爆套筒】",2026-03-18 20:28:28,2026-03-18 20:28:45,2026-03-19 12:03:06,商品保险服务费,-13.74,CNY,应付,2026年3月18日商家结算款,21796493,,,,JD19314847416625993441445017687783,支出,20260318,0
="3441423003814991",="50700126031819044128422907",订单,="10179244273655",="202603190000011463290270031","天旗防爆电钻无刷电机化工厂冲击钻孔电起子工业手持电动螺丝刀 20V/2A 无冲击【两电一充+礼包】",2026-03-18 11:39:54,2026-03-18 12:08:10,2026-03-19 12:03:06,商品保险服务费,-2.57,CNY,应付,2026年3月18日商家结算款,21796493,,,,JD19314847416625993441423003814991,支出,20260318,0
="3395437009536867",="32200126031819044301931607",非销售单,="10176597499228",="202603190000011463290270031","天旗防爆电动扳手无刷大扭力轮胎汽修工具化工厂风炮套筒冲击扳手 600N,M 4.0A/21V【俩电标配】",2026-03-18 12:11:39,2026-03-18 12:11:39,2026-03-19 12:03:06,随单送的京豆,-0.20,CNY,应付,2026年3月18日商家结算款,21796493,,,,,支出,20260318,0
="3438445016830297",="50700126031819039487053707",订单,="10176597499228",="202603190000011463290270031","天旗防爆电动扳手无刷大扭力轮胎汽修工具化工厂风炮套筒冲击扳手 600N,M 4.0A/21V【俩电标配】",2026-03-15 14:14:00,2026-03-18 09:47:41,2026-03-19 12:03:06,商品保险服务费,-19.66,CNY,应付,2026年3月18日商家结算款,21796493,,,,JD50133438445016830297,支出,20260318,0
="3442267003336530",="50700126031919076210292807",订单,="10179244273655",="202603200000011463290270031","天旗防爆电钻无刷电机化工厂冲击钻孔电起子工业手持电动螺丝刀 20V/2A 无冲击【两电一充+礼包】",2026-03-19 15:22:56,2026-03-19 15:23:25,2026-03-20 08:53:34,商品保险服务费,-2.57,CNY,应付,2026年3月19日商家结算款,21796493,,,,JD19314847416625993442267003336530,支出,20260319,0
="3442276016889687",="50700126031919072750403507",订单,="10163132090712",="202603200000011463290270031","天旗防爆电动扳手无刷大扭力轮胎汽修工具化工厂风炮套筒冲击扳手 310N,M 4.0A/20V【俩电标配+22*42防爆套筒】",2026-03-19 12:29:26,2026-03-19 13:10:04,2026-03-20 08:53:34,商品保险服务费,-4.30,CNY,应付,2026年3月19日商家结算款,21796493,,,,JD19314847416625993442276016889687,支出,20260319,0
="3442267003336530",="50700126031919076901398907",订单,="10179244273655",="202603200000011463290270031","天旗防爆电钻无刷电机化工厂冲击钻孔电起子工业手持电动螺丝刀 20V/2A 无冲击【两电一充+礼包】",2026-03-19 15:22:56,2026-03-19 16:00:34,2026-03-20 08:53:34,商品保险服务费,-3.21,CNY,应付,2026年3月19日商家结算款,21796493,,,,JD50133442267003336530,支出,20260319,0
="3441423003814991",="50700126031919065020251407",订单,="10179244273655",="202603200000011463290270031","天旗防爆电钻无刷电机化工厂冲击钻孔电起子工业手持电动螺丝刀 20V/2A 无冲击【两电一充+礼包】",2026-03-18 11:39:54,2026-03-19 09:31:07,2026-03-20 08:53:34,商品保险服务费,-0.92,CNY,应付,2026年3月19日商家结算款,21796493,,,,JD50333441423003814991,支出,20260319,0
="3441423003814991",="50700126031919065019960807",非销售单,="10179244273655",="202603200000011463290270031","天旗防爆电钻无刷电机化工厂冲击钻孔电起子工业手持电动螺丝刀 20V/2A 无冲击【两电一充+礼包】",2026-03-18 11:39:54,2026-03-19 09:31:06,2026-03-20 08:53:34,运费保险服务费,-0.39,CNY,应付,2026年3月19日商家结算款,21796493,,,,JD60773441423003814991,支出,20260319,0
="3442491014810210",="50700126031919084312136707",订单,="10163132090713",="202603200000011463290270031","天旗防爆电动扳手无刷大扭力轮胎汽修工具化工厂风炮套筒冲击扳手 310N,M 5.0A/20V【俩电标配+22*42防爆套筒】",2026-03-19 20:06:56,2026-03-19 20:07:41,2026-03-20 08:53:34,商品保险服务费,-2.23,CNY,应付,2026年3月19日商家结算款,21796493,,,,JD19314847416625993442491014810210,支出,20260319,0
="3441498009175125",="50700126031919065990357307",订单,="10176597499228",="202603200000011463290270031","天旗防爆电动扳手无刷大扭力轮胎汽修工具化工厂风炮套筒冲击扳手 600N,M 4.0A/21V【俩电标配】",2026-03-18 11:52:55,2026-03-19 10:25:54,2026-03-20 08:53:34,商品保险服务费,-3.89,CNY,应付,2026年3月19日商家结算款,21796493,,,,JD19314847416625993441498009175125,支出,20260319,0
="3442267003336530",="50700126031919076889252907",非销售单,="10179244273655",="202603200000011463290270031","天旗防爆电钻无刷电机化工厂冲击钻孔电起子工业手持电动螺丝刀 20V/2A 无冲击【两电一充+礼包】",2026-03-19 15:22:56,2026-03-19 16:00:33,2026-03-20 08:53:34,运费保险服务费,-0.30,CNY,应付,2026年3月19日商家结算款,21796493,,,,JD60773442267003336530,支出,20260319,0
="3442491009628229",="50700126031919083539309007",订单,="10163132090712",="202603200000011463290270031","天旗防爆电动扳手无刷大扭力轮胎汽修工具化工厂风炮套筒冲击扳手 310N,M 4.0A/20V【俩电标配+22*42防爆套筒】",2026-03-19 19:40:56,2026-03-19 19:41:19,2026-03-20 08:53:34,商品保险服务费,-2.11,CNY,应付,2026年3月19日商家结算款,21796493,,,,JD19314847416625993442491009628229,支出,20260319,0
="3441423003814991",="50700126031919065018363607",非销售单,="10179244273655",="202603200000011463290270031","天旗防爆电钻无刷电机化工厂冲击钻孔电起子工业手持电动螺丝刀 20V/2A 无冲击【两电一充+礼包】",2026-03-18 11:39:54,2026-03-19 09:31:06,2026-03-20 08:53:34,运费保险服务费,-3.22,CNY,应付,2026年3月19日商家结算款,21796493,,,,JD59993441423003814991,支出,20260319,0
="3442267003336530",="50700126031919076902979907",订单,="10179244273655",="202603200000011463290270031","天旗防爆电钻无刷电机化工厂冲击钻孔电起子工业手持电动螺丝刀 20V/2A 无冲击【两电一充+礼包】",2026-03-19 15:22:56,2026-03-19 16:00:33,2026-03-20 08:53:34,商品保险服务费,-0.92,CNY,应付,2026年3月19日商家结算款,21796493,,,,JD50333442267003336530,支出,20260319,0
="3442267003336530",="50700126031919076902685507",非销售单,="10179244273655",="202603200000011463290270031","天旗防爆电钻无刷电机化工厂冲击钻孔电起子工业手持电动螺丝刀 20V/2A 无冲击【两电一充+礼包】",2026-03-19 15:22:56,2026-03-19 16:00:34,2026-03-20 08:53:34,运费保险服务费,-2.43,CNY,应付,2026年3月19日商家结算款,21796493,,,,JD59993442267003336530,支出,20260319,0
="3442491009623692",="50700126031919083620212207",订单,="10163132090713",="202603200000011463290270031","天旗防爆电动扳手无刷大扭力轮胎汽修工具化工厂风炮套筒冲击扳手 310N,M 5.0A/20V【俩电标配+22*42防爆套筒】",2026-03-19 19:43:41,2026-03-19 19:43:58,2026-03-20 08:53:34,商品保险服务费,-2.23,CNY,应付,2026年3月19日商家结算款,21796493,,,,JD19314847416625993442491009623692,支出,20260319,0
="3441423003814991",="50700126031919065030003807",订单,="10179244273655",="202603200000011463290270031","天旗防爆电钻无刷电机化工厂冲击钻孔电起子工业手持电动螺丝刀 20V/2A 无冲击【两电一充+礼包】",2026-03-18 11:39:54,2026-03-19 09:31:06,2026-03-20 08:53:34,商品保险服务费,-3.21,CNY,应付,2026年3月19日商家结算款,21796493,,,,JD50133441423003814991,支出,20260319,0
="3441498009175125",="50700126032019090218995807",非销售单,="10176597499228",="202603210000011463290270031","天旗防爆电动扳手无刷大扭力轮胎汽修工具化工厂风炮套筒冲击扳手 600N,M 4.0A/21V【俩电标配】",2026-03-18 11:52:55,2026-03-20 09:04:02,2026-03-21 12:02:51,运费保险服务费,-1.40,CNY,应付,2026年3月20日商家结算款,21796493,,,,JD59993441498009175125,支出,20260320,0
="3443427018670243",="50700126032019091199908907",订单,="10162520317131",="202603210000011463290270031","天旗防爆角磨机磨光机手砂轮无刷锂电切割抛光机电动多功能打磨机 4A/20V【俩电一充+礼包】",2026-03-20 08:43:39,2026-03-20 10:03:32,2026-03-21 12:02:51,商品保险服务费,-2.64,CNY,应付,2026年3月20日商家结算款,21796493,,,,JD50133443427018670243,支出,20260320,0
="3443233004168367",="50700126032019103496443407",订单,="10163132090713",="202603210000011463290270031","天旗防爆电动扳手无刷大扭力轮胎汽修工具化工厂风炮套筒冲击扳手 310N,M 5.0A/20V【俩电标配+22*42防爆套筒】",2026-03-20 16:30:58,2026-03-20 16:34:55,2026-03-21 12:02:51,商品保险服务费,-4.53,CNY,应付,2026年3月20日商家结算款,21796493,,,,JD19314847416625993443233004168367,支出,20260320,0
="3441461017937945",="50700126032019090601938407",订单,="10163132090715",="202603210000011463290270031","天旗防爆电动扳手无刷大扭力轮胎汽修工具化工厂风炮套筒冲击扳手 310N,M 5.0A/20V【俩电标配+22*60防爆套筒】",2026-03-18 17:14:49,2026-03-20 09:28:21,2026-03-21 12:02:51,商品保险服务费,-11.56,CNY,应付,2026年3月20日商家结算款,21796493,,,,JD50133441461017937945,支出,20260320,0
="3441461017937945",="50700126032019090605912107",非销售单,="10163132090715",="202603210000011463290270031","天旗防爆电动扳手无刷大扭力轮胎汽修工具化工厂风炮套筒冲击扳手 310N,M 5.0A/20V【俩电标配+22*60防爆套筒】",2026-03-18 17:14:49,2026-03-20 09:28:21,2026-03-21 12:02:51,运费保险服务费,-3.82,CNY,应付,2026年3月20日商家结算款,21796493,,,,JD59993441461017937945,支出,20260320,0
="3441461002957264",="50700126032019090525810207",订单,="10165000894208",="202603210000011463290270031","补差价链接",2026-03-18 17:21:13,2026-03-20 09:23:24,2026-03-21 12:02:51,商品保险服务费,-0.51,CNY,应付,2026年3月20日商家结算款,21796493,,,,JD50133441461002957264,支出,20260320,0
="3443427018670243",="50700126032019091199613907",非销售单,="10162520317131",="202603210000011463290270031","天旗防爆角磨机磨光机手砂轮无刷锂电切割抛光机电动多功能打磨机 4A/20V【俩电一充+礼包】",2026-03-20 08:43:39,2026-03-20 10:03:32,2026-03-21 12:02:51,运费保险服务费,-1.25,CNY,应付,2026年3月20日商家结算款,21796493,,,,JD59993443427018670243,支出,20260320,0
="3443427018670243",="50700126032019091198313307",非销售单,="10162520317131",="202603210000011463290270031","天旗防爆角磨机磨光机手砂轮无刷锂电切割抛光机电动多功能打磨机 4A/20V【俩电一充+礼包】",2026-03-20 08:43:39,2026-03-20 10:03:31,2026-03-21 12:02:51,运费保险服务费,-0.83,CNY,应付,2026年3月20日商家结算款,21796493,,,,JD60773443427018670243,支出,20260320,0
="3443274002666423",="50700126032019100193394207",订单,="10163132090715",="202603210000011463290270031","天旗防爆电动扳手无刷大扭力轮胎汽修工具化工厂风炮套筒冲击扳手 310N,M 5.0A/20V【俩电标配+22*60防爆套筒】",2026-03-20 13:29:29,2026-03-20 14:02:01,2026-03-21 12:02:51,商品保险服务费,-2.33,CNY,应付,2026年3月20日商家结算款,21796493,,,,JD19314847416625993443274002666423,支出,20260320,0
="3440460002635525",="10100126032019102619162707",订单,="10169711562611",="202603210000011463290270031","天旗防爆电动搬运车液压托盘车工厂仓库车间1.5t工作运输地牛叉车 载荷1500KG【EXBY-1.5T/JL】",2026-03-17 15:06:11,2026-03-17 15:09:25,2026-03-21 12:02:51,佣金,-542.74,CNY,应付,2026年3月20日商家结算款,21796493,,,,,支出,20260320,1
="3441498009175125",="50700126032019090215413007",订单,="10176597499228",="202603210000011463290270031","天旗防爆电动扳手无刷大扭力轮胎汽修工具化工厂风炮套筒冲击扳手 600N,M 4.0A/21V【俩电标配】",2026-03-18 11:52:55,2026-03-20 09:04:01,2026-03-21 12:02:51,商品保险服务费,-4.80,CNY,应付,2026年3月20日商家结算款,21796493,,,,JD50133441498009175125,支出,20260320,0
="3443274017277661",="50700126032019100267716307",订单,="10163132090715",="202603210000011463290270031","天旗防爆电动扳手无刷大扭力轮胎汽修工具化工厂风炮套筒冲击扳手 310N,M 5.0A/20V【俩电标配+22*60防爆套筒】",2026-03-20 13:30:55,2026-03-20 14:05:06,2026-03-21 12:02:51,商品保险服务费,-2.33,CNY,应付,2026年3月20日商家结算款,21796493,,,,JD19314847416625993443274017277661,支出,20260320,0
="3440460002635525",="10100126032019102619162507",订单,="10169711562611",="202603210000011463290270031","天旗防爆电动搬运车液压托盘车工厂仓库车间1.5t工作运输地牛叉车 载荷1500KG【EXBY-1.5T/JL】",2026-03-17 15:06:11,2026-03-17 15:09:25,2026-03-21 12:02:51,货款,6784.30,CNY,应收,2026年3月20日商家结算款,21796493,,,,,收入,20260320,1
="3440460002635525",="50700126032019090224929107",非销售单,="10169711562611",="202603210000011463290270031","天旗防爆电动搬运车液压托盘车工厂仓库车间1.5t工作运输地牛叉车 载荷1500KG【EXBY-1.5T/JL】",2026-03-17 15:06:11,2026-03-20 09:04:49,2026-03-21 12:02:51,运费保险服务费,-0.16,CNY,应付,2026年3月20日商家结算款,21796493,,,,JD60773440460002635525,支出,20260320,0
="3441498009175125",="50700126032019090219695607",非销售单,="10176597499228",="202603210000011463290270031","天旗防爆电动扳手无刷大扭力轮胎汽修工具化工厂风炮套筒冲击扳手 600N,M 4.0A/21V【俩电标配】",2026-03-18 11:52:55,2026-03-20 09:04:02,2026-03-21 12:02:51,运费保险服务费,-0.27,CNY,应付,2026年3月20日商家结算款,21796493,,,,JD60773441498009175125,支出,20260320,0
="3440460002635525",="50700126032019090221253907",非销售单,="10169711562611",="202603210000011463290270031","天旗防爆电动搬运车液压托盘车工厂仓库车间1.5t工作运输地牛叉车 载荷1500KG【EXBY-1.5T/JL】",2026-03-17 15:06:11,2026-03-20 09:04:50,2026-03-21 12:02:51,运费保险服务费,-0.36,CNY,应付,2026年3月20日商家结算款,21796493,,,,JD59983440460002635525,支出,20260320,0
="3440460002635525",="50700126032019102486167607",订单,="10169711562611",="202603210000011463290270031","天旗防爆电动搬运车液压托盘车工厂仓库车间1.5t工作运输地牛叉车 载荷1500KG【EXBY-1.5T/JL】",2026-03-17 15:06:11,2026-03-20 15:44:19,2026-03-21 12:02:51,商品保险服务费,-16.92,CNY,应付,2026年3月20日商家结算款,21796493,,,,JD60963440460002635525,支出,20260320,0
="3441461017937945",="50700126032019090608292707",非销售单,="10163132090715",="202603210000011463290270031","天旗防爆电动扳手无刷大扭力轮胎汽修工具化工厂风炮套筒冲击扳手 310N,M 5.0A/20V【俩电标配+22*60防爆套筒】",2026-03-18 17:14:49,2026-03-20 09:28:22,2026-03-21 12:02:51,运费保险服务费,-2.69,CNY,应付,2026年3月20日商家结算款,21796493,,,,JD60773441461017937945,支出,20260320,0
="3440460002635525",="50700126032019090230398007",订单,="10169711562611",="202603210000011463290270031","天旗防爆电动搬运车液压托盘车工厂仓库车间1.5t工作运输地牛叉车 载荷1500KG【EXBY-1.5T/JL】",2026-03-17 15:06:11,2026-03-20 09:04:49,2026-03-21 12:02:51,商品保险服务费,-20.31,CNY,应付,2026年3月20日商家结算款,21796493,,,,JD50133440460002635525,支出,20260320,0
="3443427018670243",="50700126032019091195340807",订单,="10162520317131",="202603210000011463290270031","天旗防爆角磨机磨光机手砂轮无刷锂电切割抛光机电动多功能打磨机 4A/20V【俩电一充+礼包】",2026-03-20 08:43:39,2026-03-20 10:03:32,2026-03-21 12:02:51,商品保险服务费,-0.92,CNY,应付,2026年3月20日商家结算款,21796493,,,,JD50333443427018670243,支出,20260320,0
="3440460002635525",="10100126032019102619162807",订单,="10169711562611",="202603210000011463290270031","天旗防爆电动搬运车液压托盘车工厂仓库车间1.5t工作运输地牛叉车 载荷1500KG【EXBY-1.5T/JL】",2026-03-17 15:06:11,2026-03-17 15:09:25,2026-03-21 12:02:51,交易服务费,-40.71,CNY,应付,2026年3月20日商家结算款,21796493,,,,,支出,20260320,1
="3443433018504359",="50700126032019103560067807",订单,="10163132090713",="202603210000011463290270031","天旗防爆电动扳手无刷大扭力轮胎汽修工具化工厂风炮套筒冲击扳手 310N,M 5.0A/20V【俩电标配+22*42防爆套筒】",2026-03-20 16:37:40,2026-03-20 16:37:58,2026-03-21 12:02:51,商品保险服务费,-4.53,CNY,应付,2026年3月20日商家结算款,21796493,,,,JD19314847416625993443433018504359,支出,20260320,0
="3439423003283162",="10100126032119126365706807",订单,="10165000894208",="202603220000011463290270031","补差价链接",2026-03-16 16:28:40,2026-03-16 16:31:45,2026-03-22 08:55:18,佣金,-5.20,CNY,应付,2026年3月21日商家结算款,21796493,,,,,支出,20260321,1
="3435428002209023",="50700126032119126676203807",订单,="10180277048947",="202603220000011463290270031","天旗防爆电动扳手无刷大扭力轮胎汽修工具化工厂风炮套筒冲击扳手 900N,M 7.5A/21V【俩电标配】",2026-03-12 20:49:13,2026-03-21 13:34:39,2026-03-22 08:55:18,商品保险服务费,-6.70,CNY,应付,2026年3月21日商家结算款,21796493,,,,JD60963435428002209023,支出,20260321,0
="3441445017687783",="50700126032119117751482807",非销售单,="10163132090713",="202603220000011463290270031","天旗防爆电动扳手无刷大扭力轮胎汽修工具化工厂风炮套筒冲击扳手 310N,M 5.0A/20V【俩电标配+22*42防爆套筒】",2026-03-18 20:28:28,2026-03-21 09:36:22,2026-03-22 08:55:18,运费保险服务费,-1.07,CNY,应付,2026年3月21日商家结算款,21796493,,,,JD60773441445017687783,支出,20260321,0
="3441445017687783",="50700126032119117750489207",非销售单,="10163132090713",="202603220000011463290270031","天旗防爆电动扳手无刷大扭力轮胎汽修工具化工厂风炮套筒冲击扳手 310N,M 5.0A/20V【俩电标配+22*42防爆套筒】",2026-03-18 20:28:28,2026-03-21 09:36:23,2026-03-22 08:55:18,运费保险服务费,-7.07,CNY,应付,2026年3月21日商家结算款,21796493,,,,JD59993441445017687783,支出,20260321,0
="3435428002209023",="10100126032119125883421607",订单,="10180277048947",="202603220000011463290270031","天旗防爆电动扳手无刷大扭力轮胎汽修工具化工厂风炮套筒冲击扳手 900N,M 7.5A/21V【俩电标配】",2026-03-12 20:49:13,2026-03-12 20:52:50,2026-03-22 08:55:18,佣金,-214.32,CNY,应付,2026年3月21日商家结算款,21796493,,,,,支出,20260321,1
="3444284000060105",="50700126032119122361611807",订单,="10163132090713",="202603220000011463290270031","天旗防爆电动扳手无刷大扭力轮胎汽修工具化工厂风炮套筒冲击扳手 310N,M 5.0A/20V【俩电标配+22*42防爆套筒】",2026-03-21 11:44:40,2026-03-21 12:03:45,2026-03-22 08:55:18,商品保险服务费,-2.23,CNY,应付,2026年3月21日商家结算款,21796493,,,,JD19314847416625993444284000060105,支出,20260321,0
="3435428002209023",="10100126032119125883421507",订单,="10180277048947",="202603220000011463290270031","天旗防爆电动扳手无刷大扭力轮胎汽修工具化工厂风炮套筒冲击扳手 900N,M 7.5A/21V【俩电标配】",2026-03-12 20:49:13,2026-03-12 20:52:50,2026-03-22 08:55:18,货款,2679.00,CNY,应收,2026年3月21日商家结算款,21796493,,,,,收入,20260321,1
="3439423003283162",="10100126032119126365706907",订单,="10165000894208",="202603220000011463290270031","补差价链接",2026-03-16 16:28:40,2026-03-16 16:31:45,2026-03-22 08:55:18,交易服务费,-3.12,CNY,应付,2026年3月21日商家结算款,21796493,,,,,支出,20260321,1
="3441445017687783",="50700126032119117739839107",订单,="10163132090713",="202603220000011463290270031","天旗防爆电动扳手无刷大扭力轮胎汽修工具化工厂风炮套筒冲击扳手 310N,M 5.0A/20V【俩电标配+22*42防爆套筒】",2026-03-18 20:28:28,2026-03-21 09:36:22,2026-03-22 08:55:18,商品保险服务费,-17.17,CNY,应付,2026年3月21日商家结算款,21796493,,,,JD50133441445017687783,支出,20260321,0
="3435428002209023",="10100126032119125883421707",订单,="10180277048947",="202603220000011463290270031","天旗防爆电动扳手无刷大扭力轮胎汽修工具化工厂风炮套筒冲击扳手 900N,M 7.5A/21V【俩电标配】",2026-03-12 20:49:13,2026-03-12 20:52:50,2026-03-22 08:55:18,交易服务费,-16.07,CNY,应付,2026年3月21日商家结算款,21796493,,,,,支出,20260321,1
="3439423003283162",="10100126032119126365706607",订单,="10165000894208",="202603220000011463290270031","补差价链接",2026-03-16 16:28:40,2026-03-16 16:31:45,2026-03-22 08:55:18,货款,520.00,CNY,应收,2026年3月21日商家结算款,21796493,,,,,收入,20260321,1
="3438445016830297",="50700126032219147142850307",订单,="10176597499228",="202603230000011463290270031","天旗防爆电动扳手无刷大扭力轮胎汽修工具化工厂风炮套筒冲击扳手 600N,M 4.0A/21V【俩电标配】",2026-03-15 14:14:00,2026-03-22 10:29:39,2026-03-23 12:04:24,商品保险服务费,-16.42,CNY,应付,2026年3月22日商家结算款,21796493,,,,JD60963438445016830297,支出,20260322,0
="3438445016830297",="10100126032219147315150207",订单,="10176597499228",="202603230000011463290270031","天旗防爆电动扳手无刷大扭力轮胎汽修工具化工厂风炮套筒冲击扳手 600N,M 4.0A/21V【俩电标配】",2026-03-15 14:14:00,2026-03-15 14:17:05,2026-03-23 12:04:24,佣金,-526.50,CNY,应付,2026年3月22日商家结算款,21796493,,,,,支出,20260322,4
="3434440000854350",="50700126032219161275101807",订单,="10176597499228",="202603230000011463290270031","天旗防爆电动扳手无刷大扭力轮胎汽修工具化工厂风炮套筒冲击扳手 600N,M 4.0A/21V【俩电标配】",2026-03-11 12:25:30,2026-03-22 17:14:19,2026-03-23 12:04:24,商品保险服务费,-4.05,CNY,应付,2026年3月22日商家结算款,21796493,,,,JD60963434440000854350,支出,20260322,0
="3438445016830297",="10100126032219147315150107",订单,="10176597499228",="202603230000011463290270031","天旗防爆电动扳手无刷大扭力轮胎汽修工具化工厂风炮套筒冲击扳手 600N,M 4.0A/21V【俩电标配】",2026-03-15 14:14:00,2026-03-15 14:17:05,2026-03-23 12:04:24,货款,6581.30,CNY,应收,2026年3月22日商家结算款,21796493,,,,,收入,20260322,4
="3434440000854350",="10100126032219161488321807",订单,="10176597499228",="202603230000011463290270031","天旗防爆电动扳手无刷大扭力轮胎汽修工具化工厂风炮套筒冲击扳手 600N,M 4.0A/21V【俩电标配】",2026-03-11 12:25:30,2026-03-11 12:28:41,2026-03-23 12:04:24,佣金,-130.74,CNY,应付,2026年3月22日商家结算款,21796493,,,,,支出,20260322,1
="3445211006924200",="50700126032219169010136207",订单,="10163132090715",="202603230000011463290270031","天旗防爆电动扳手无刷大扭力轮胎汽修工具化工厂风炮套筒冲击扳手 310N,M 5.0A/20V【俩电标配+22*60防爆套筒】",2026-03-22 21:18:00,2026-03-22 21:19:56,2026-03-23 12:04:24,商品保险服务费,-2.33,CNY,应付,2026年3月22日商家结算款,21796493,,,,JD19314847416625993445211006924200,支出,20260322,0
="3434440000854350",="10100126032219161488321907",订单,="10176597499228",="202603230000011463290270031","天旗防爆电动扳手无刷大扭力轮胎汽修工具化工厂风炮套筒冲击扳手 600N,M 4.0A/21V【俩电标配】",2026-03-11 12:25:30,2026-03-11 12:28:41,2026-03-23 12:04:24,交易服务费,-9.81,CNY,应付,2026年3月22日商家结算款,21796493,,,,,支出,20260322,1
="3438445016830297",="10100126032219147315150307",订单,="10176597499228",="202603230000011463290270031","天旗防爆电动扳手无刷大扭力轮胎汽修工具化工厂风炮套筒冲击扳手 600N,M 4.0A/21V【俩电标配】",2026-03-15 14:14:00,2026-03-15 14:17:05,2026-03-23 12:04:24,交易服务费,-39.49,CNY,应付,2026年3月22日商家结算款,21796493,,,,,支出,20260322,4
="3434440000854350",="10100126032219161488321607",订单,="10176597499228",="202603230000011463290270031","天旗防爆电动扳手无刷大扭力轮胎汽修工具化工厂风炮套筒冲击扳手 600N,M 4.0A/21V【俩电标配】",2026-03-11 12:25:30,2026-03-11 12:28:41,2026-03-23 12:04:24,货款,1634.30,CNY,应收,2026年3月22日商家结算款,21796493,,,,,收入,20260322,1
="3443274017277661",="50700126032319179957067107",订单,="10163132090715",="202603240000011463290270031","天旗防爆电动扳手无刷大扭力轮胎汽修工具化工厂风炮套筒冲击扳手 310N,M 5.0A/20V【俩电标配+22*60防爆套筒】",2026-03-20 13:30:55,2026-03-23 12:35:49,2026-03-24 08:43:11,商品保险服务费,-2.91,CNY,应付,2026年3月23日商家结算款,21796493,,,,JD50133443274017277661,支出,20260323,0
="3443274002666423",="50700126032319179973904107",非销售单,="10163132090715",="202603240000011463290270031","天旗防爆电动扳手无刷大扭力轮胎汽修工具化工厂风炮套筒冲击扳手 310N,M 5.0A/20V【俩电标配+22*60防爆套筒】",2026-03-20 13:29:29,2026-03-23 12:35:55,2026-03-24 08:43:11,运费保险服务费,-0.20,CNY,应付,2026年3月23日商家结算款,21796493,,,,JD60773443274002666423,支出,20260323,0
="3444284000060105",="50700126032319193305864207",订单,="10163132090713",="202603240000011463290270031","天旗防爆电动扳手无刷大扭力轮胎汽修工具化工厂风炮套筒冲击扳手 310N,M 5.0A/20V【俩电标配+22*42防爆套筒】",2026-03-21 11:44:40,2026-03-23 20:20:24,2026-03-24 08:43:11,商品保险服务费,-2.79,CNY,应付,2026年3月23日商家结算款,21796493,,,,JD50133444284000060105,支出,20260323,0
="3442491014810210",="50700126032319179490128707",非销售单,="10163132090713",="202603240000011463290270031","天旗防爆电动扳手无刷大扭力轮胎汽修工具化工厂风炮套筒冲击扳手 310N,M 5.0A/20V【俩电标配+22*42防爆套筒】",2026-03-19 20:06:56,2026-03-23 12:25:30,2026-03-24 08:43:11,运费保险服务费,-0.24,CNY,应付,2026年3月23日商家结算款,21796493,,,,JD60773442491014810210,支出,20260323,0
="3443274002666423",="50700126032319179982717907",订单,="10163132090715",="202603240000011463290270031","天旗防爆电动扳手无刷大扭力轮胎汽修工具化工厂风炮套筒冲击扳手 310N,M 5.0A/20V【俩电标配+22*60防爆套筒】",2026-03-20 13:29:29,2026-03-23 12:36:10,2026-03-24 08:43:11,商品保险服务费,-2.91,CNY,应付,2026年3月23日商家结算款,21796493,,,,JD50133443274002666423,支出,20260323,0
="3444284000060105",="50700126032319193310430607",非销售单,="10163132090713",="202603240000011463290270031","天旗防爆电动扳手无刷大扭力轮胎汽修工具化工厂风炮套筒冲击扳手 310N,M 5.0A/20V【俩电标配+22*42防爆套筒】",2026-03-21 11:44:40,2026-03-23 20:20:24,2026-03-24 08:43:11,运费保险服务费,-0.93,CNY,应付,2026年3月23日商家结算款,21796493,,,,JD59993444284000060105,支出,20260323,0
="3445211006924200",="50700126032319193335800207",非销售单,="10163132090715",="202603240000011463290270031","天旗防爆电动扳手无刷大扭力轮胎汽修工具化工厂风炮套筒冲击扳手 310N,M 5.0A/20V【俩电标配+22*60防爆套筒】",2026-03-22 21:18:00,2026-03-23 20:21:09,2026-03-24 08:43:11,运费保险服务费,-0.91,CNY,应付,2026年3月23日商家结算款,21796493,,,,JD59993445211006924200,支出,20260323,0
="3445211006924200",="50700126032319193332816607",订单,="10163132090715",="202603240000011463290270031","天旗防爆电动扳手无刷大扭力轮胎汽修工具化工厂风炮套筒冲击扳手 310N,M 5.0A/20V【俩电标配+22*60防爆套筒】",2026-03-22 21:18:00,2026-03-23 20:21:10,2026-03-24 08:43:11,商品保险服务费,-0.92,CNY,应付,2026年3月23日商家结算款,21796493,,,,JD50333445211006924200,支出,20260323,0
="3442491014810210",="50700126032319179426437607",非销售单,="10163132090713",="202603240000011463290270031","天旗防爆电动扳手无刷大扭力轮胎汽修工具化工厂风炮套筒冲击扳手 310N,M 5.0A/20V【俩电标配+22*42防爆套筒】",2026-03-19 20:06:56,2026-03-23 12:24:13,2026-03-24 08:43:11,运费保险服务费,-0.93,CNY,应付,2026年3月23日商家结算款,21796493,,,,JD59993442491014810210,支出,20260323,0
="3443274017277661",="50700126032319180053918807",非销售单,="10163132090715",="202603240000011463290270031","天旗防爆电动扳手无刷大扭力轮胎汽修工具化工厂风炮套筒冲击扳手 310N,M 5.0A/20V【俩电标配+22*60防爆套筒】",2026-03-20 13:30:55,2026-03-23 12:37:45,2026-03-24 08:43:11,运费保险服务费,-0.91,CNY,应付,2026年3月23日商家结算款,21796493,,,,JD59993443274017277661,支出,20260323,0
="3443274017277661",="50700126032319179966770307",非销售单,="10163132090715",="202603240000011463290270031","天旗防爆电动扳手无刷大扭力轮胎汽修工具化工厂风炮套筒冲击扳手 310N,M 5.0A/20V【俩电标配+22*60防爆套筒】",2026-03-20 13:30:55,2026-03-23 12:36:00,2026-03-24 08:43:11,运费保险服务费,-0.20,CNY,应付,2026年3月23日商家结算款,21796493,,,,JD60773443274017277661,支出,20260323,0
="3443274002666423",="50700126032319180001607207",非销售单,="10163132090715",="202603240000011463290270031","天旗防爆电动扳手无刷大扭力轮胎汽修工具化工厂风炮套筒冲击扳手 310N,M 5.0A/20V【俩电标配+22*60防爆套筒】",2026-03-20 13:29:29,2026-03-23 12:36:33,2026-03-24 08:43:11,运费保险服务费,-0.91,CNY,应付,2026年3月23日商家结算款,21796493,,,,JD59993443274002666423,支出,20260323,0
="3444284000060105",="50700126032319193313517207",非销售单,="10163132090713",="202603240000011463290270031","天旗防爆电动扳手无刷大扭力轮胎汽修工具化工厂风炮套筒冲击扳手 310N,M 5.0A/20V【俩电标配+22*42防爆套筒】",2026-03-21 11:44:40,2026-03-23 20:20:24,2026-03-24 08:43:11,运费保险服务费,-0.24,CNY,应付,2026年3月23日商家结算款,21796493,,,,JD60773444284000060105,支出,20260323,0
="3445211006924200",="50700126032319193323173707",订单,="10163132090715",="202603240000011463290270031","天旗防爆电动扳手无刷大扭力轮胎汽修工具化工厂风炮套筒冲击扳手 310N,M 5.0A/20V【俩电标配+22*60防爆套筒】",2026-03-22 21:18:00,2026-03-23 20:21:09,2026-03-24 08:43:11,商品保险服务费,-2.91,CNY,应付,2026年3月23日商家结算款,21796493,,,,JD50133445211006924200,支出,20260323,0
="3443405011036786",="50700126032319179494651307",订单,="10165000894208",="202603240000011463290270031","补差价链接",2026-03-20 09:29:49,2026-03-23 12:25:39,2026-03-24 08:43:11,商品保险服务费,-0.77,CNY,应付,2026年3月23日商家结算款,21796493,,,,JD50133443405011036786,支出,20260323,0
="3445211006924200",="50700126032319193327445807",非销售单,="10163132090715",="202603240000011463290270031","天旗防爆电动扳手无刷大扭力轮胎汽修工具化工厂风炮套筒冲击扳手 310N,M 5.0A/20V【俩电标配+22*60防爆套筒】",2026-03-22 21:18:00,2026-03-23 20:21:09,2026-03-24 08:43:11,运费保险服务费,-0.20,CNY,应付,2026年3月23日商家结算款,21796493,,,,JD60773445211006924200,支出,20260323,0
="3442491014810210",="50700126032319179437708007",订单,="10163132090713",="202603240000011463290270031","天旗防爆电动扳手无刷大扭力轮胎汽修工具化工厂风炮套筒冲击扳手 310N,M 5.0A/20V【俩电标配+22*42防爆套筒】",2026-03-19 20:06:56,2026-03-23 12:24:17,2026-03-24 08:43:11,商品保险服务费,-2.79,CNY,应付,2026年3月23日商家结算款,21796493,,,,JD50133442491014810210,支出,20260323,0
="3447496016028212",="50700126032419211604738307",非销售单,="10165261432032",="202603250000011463290270031","天旗工业防爆吸尘器 整机防爆 工厂吸铁屑木屑铝屑粉尘镁粉车间 无线防爆吸尘器",2026-03-24 15:17:48,2026-03-24 16:09:32,2026-03-25 12:02:40,运费保险服务费,-0.30,CNY,应付,2026年3月24日商家结算款,21796493,,,,JD60773447496016028212,支出,20260324,0
="3447472018167748",="50700126032419199620523307",非销售单,="10209193916961",="202603250000011463290270031","天旗工业防爆照相机石油化工防爆高清摄影相机 EXSY-2000-P1TQ",2026-03-24 09:23:57,2026-03-24 09:46:03,2026-03-25 12:02:40,运费保险服务费,-1.36,CNY,应付,2026年3月24日商家结算款,21796493,,,,JD59993447472018167748,支出,20260324,0
="3443427018670243",="50700126032419219517744207",订单,="10162520317131",="202603250000011463290270031","天旗防爆角磨机磨光机手砂轮无刷锂电切割抛光机电动多功能打磨机 4.0A/20V【俩电标配】",2026-03-20 08:43:39,2026-03-24 20:38:13,2026-03-25 12:02:40,商品保险服务费,-2.20,CNY,应付,2026年3月24日商家结算款,21796493,,,,JD60963443427018670243,支出,20260324,0
="3441461002957264",="10100126032419218882391507",订单,="10165000894208",="202603250000011463290270031","补差价链接",2026-03-18 17:21:13,2026-03-18 17:24:20,2026-03-25 12:02:40,交易服务费,-1.02,CNY,应付,2026年3月24日商家结算款,21796493,,,,,支出,20260324,1
="3447496016028212",="50700126032419211608611407",非销售单,="10165261432032",="202603250000011463290270031","天旗工业防爆吸尘器 整机防爆 工厂吸铁屑木屑铝屑粉尘镁粉车间 无线防爆吸尘器",2026-03-24 15:17:48,2026-03-24 16:09:33,2026-03-25 12:02:40,运费保险服务费,-3.44,CNY,应付,2026年3月24日商家结算款,21796493,,,,JD59993447496016028212,支出,20260324,0
="3442491014810210",="10100126032419199120229007",订单,="0",="202603250000011463290270031",,2026-03-19 20:06:56,2026-03-24 09:16:07,2026-03-25 12:02:40,综合违约金,-6.00,CNY,应付,2026年3月24日商家结算款,21796493,,,,,支出,20260324,0
="3441423003814991",="10100126032419200186971707",订单,="10179244273655",="202603250000011463290270031","天旗防爆电钻无刷电机化工厂冲击钻孔电起子工业手持电动螺丝刀 20V/2A 无冲击【两电一充+礼包】",2026-03-18 11:39:54,2026-03-18 11:43:24,2026-03-25 12:02:40,交易服务费,-6.51,CNY,应付,2026年3月24日商家结算款,21796493,,,,,支出,20260324,1
="3443427018670243",="10100126032419219687396207",订单,="10162520317131",="202603250000011463290270031","天旗防爆角磨机磨光机手砂轮无刷锂电切割抛光机电动多功能打磨机 4.0A/20V【俩电标配】",2026-03-20 08:43:39,2026-03-20 08:46:54,2026-03-25 12:02:40,货款,895.30,CNY,应收,2026年3月24日商家结算款,21796493,,,,,收入,20260324,1
="3447472018167748",="50700126032419199613362007",订单,="10209193916961",="202603250000011463290270031","天旗工业防爆照相机石油化工防爆高清摄影相机 EXSY-2000-P1TQ",2026-03-24 09:23:57,2026-03-24 09:46:02,2026-03-25 12:02:40,商品保险服务费,-0.92,CNY,应付,2026年3月24日商家结算款,21796493,,,,JD50333447472018167748,支出,20260324,0
="3447233005366331",="50700126032419206335927707",订单,="10163132090713",="202603250000011463290270031","天旗防爆电动扳手无刷大扭力轮胎汽修工具化工厂风炮套筒冲击扳手 310N,M 5.0A/20V【俩电标配+22*42防爆套筒】",2026-03-24 12:06:45,2026-03-24 12:51:36,2026-03-25 12:02:40,商品保险服务费,-1.93,CNY,应付,2026年3月24日商家结算款,21796493,,,,JD19314847416625993447233005366331,支出,20260324,0
="3441461002957264",="10100126032419218882391407",订单,="10165000894208",="202603250000011463290270031","补差价链接",2026-03-18 17:21:13,2026-03-18 17:24:20,2026-03-25 12:02:40,佣金,-1.70,CNY,应付,2026年3月24日商家结算款,21796493,,,,,支出,20260324,1
="3447496016028212",="50700126032419211599652807",订单,="10165261432032",="202603250000011463290270031","天旗工业防爆吸尘器 整机防爆 工厂吸铁屑木屑铝屑粉尘镁粉车间 无线防爆吸尘器",2026-03-24 15:17:48,2026-03-24 16:09:32,2026-03-25 12:02:40,商品保险服务费,-0.92,CNY,应付,2026年3月24日商家结算款,21796493,,,,JD50333447496016028212,支出,20260324,0
="3441423003814991",="50700126032419200058943207",订单,="10179244273655",="202603250000011463290270031","天旗防爆电钻无刷电机化工厂冲击钻孔电起子工业手持电动螺丝刀 20V/2A 无冲击【两电一充+礼包】",2026-03-18 11:39:54,2026-03-24 10:11:00,2026-03-25 12:02:40,商品保险服务费,-2.68,CNY,应付,2026年3月24日商家结算款,21796493,,,,JD60963441423003814991,支出,20260324,0
="3441461002957264",="10100126032419218882391307",订单,="10165000894208",="202603250000011463290270031","补差价链接",2026-03-18 17:21:13,2026-03-18 17:24:20,2026-03-25 12:02:40,货款,170.00,CNY,应收,2026年3月24日商家结算款,21796493,,,,,收入,20260324,1
="3447279018332953",="50700126032419221516322907",订单,="10163132090713",="202603250000011463290270031","天旗防爆电动扳手无刷大扭力轮胎汽修工具化工厂风炮套筒冲击扳手 310N.M 5.0A/20V【俩电标配+22*42防爆套筒】",2026-03-24 22:37:44,2026-03-24 22:38:08,2026-03-25 12:02:40,商品保险服务费,-1.93,CNY,应付,2026年3月24日商家结算款,21796493,,,,JD19314847416625993447279018332953,支出,20260324,0
="3441423003814991",="10100126032419200186971607",订单,="10179244273655",="202603250000011463290270031","天旗防爆电钻无刷电机化工厂冲击钻孔电起子工业手持电动螺丝刀 20V/2A 无冲击【两电一充+礼包】",2026-03-18 11:39:54,2026-03-18 11:43:24,2026-03-25 12:02:40,佣金,-86.82,CNY,应付,2026年3月24日商家结算款,21796493,,,,,支出,20260324,1
="3443427018670243",="10100126032419219687396307",订单,="10162520317131",="202603250000011463290270031","天旗防爆角磨机磨光机手砂轮无刷锂电切割抛光机电动多功能打磨机 4.0A/20V【俩电标配】",2026-03-20 08:43:39,2026-03-20 08:46:54,2026-03-25 12:02:40,佣金,-71.62,CNY,应付,2026年3月24日商家结算款,21796493,,,,,支出,20260324,1
="3447472018167748",="50700126032419199614351307",非销售单,="10209193916961",="202603250000011463290270031","天旗工业防爆照相机石油化工防爆高清摄影相机 EXSY-2000-P1TQ",2026-03-24 09:23:57,2026-03-24 09:46:03,2026-03-25 12:02:40,运费保险服务费,-0.17,CNY,应付,2026年3月24日商家结算款,21796493,,,,JD60773447472018167748,支出,20260324,0
="3394478007674915",="32200126032419210922432607",非销售单,="10206003659803",="202603250000011463290270031","天旗无油防爆空压机 活动款 工业型无油空气压缩机静音可移动气泵 1500KW 【YPHB-1.5(WY)YSTQ】",2026-03-24 15:33:14,2026-03-24 15:33:15,2026-03-25 12:02:40,随单送的京豆,-0.40,CNY,应付,2026年3月24日商家结算款,21796493,,,,,支出,20260324,0
="3447496016028212",="50700126032419211600265107",订单,="10165261432032",="202603250000011463290270031","天旗工业防爆吸尘器 整机防爆 工厂吸铁屑木屑铝屑粉尘镁粉车间 无线防爆吸尘器",2026-03-24 15:17:48,2026-03-24 16:09:33,2026-03-25 12:02:40,商品保险服务费,-4.74,CNY,应付,2026年3月24日商家结算款,21796493,,,,JD50133447496016028212,支出,20260324,0
="3446461019289658",="50700126032419199611643907",订单,="10165000894208",="202603250000011463290270031","补差价链接",2026-03-23 15:11:44,2026-03-24 09:45:46,2026-03-25 12:02:40,商品保险服务费,-0.18,CNY,应付,2026年3月24日商家结算款,21796493,,,,JD50133446461019289658,支出,20260324,0
="3447472018167748",="50700126032419199617838307",订单,="10209193916961",="202603250000011463290270031","天旗工业防爆照相机石油化工防爆高清摄影相机 EXSY-2000-P1TQ",2026-03-24 09:23:57,2026-03-24 09:46:02,2026-03-25 12:02:40,商品保险服务费,-4.74,CNY,应付,2026年3月24日商家结算款,21796493,,,,JD50133447472018167748,支出,20260324,0
="3441423003814991",="10100126032419200186971507",订单,="10179244273655",="202603250000011463290270031","天旗防爆电钻无刷电机化工厂冲击钻孔电起子工业手持电动螺丝刀 20V/2A 无冲击【两电一充+礼包】",2026-03-18 11:39:54,2026-03-18 11:43:24,2026-03-25 12:02:40,货款,1085.30,CNY,应收,2026年3月24日商家结算款,21796493,,,,,收入,20260324,1
="3441423003814991",="32100126032419201321537507",非销售单,="10179244273655",="202603250000011463290270031","天旗防爆电钻无刷电机化工厂冲击钻孔电起子工业手持电动螺丝刀 20V/2A 无冲击【两电一充+礼包】",2026-03-24 10:12:01,2026-03-24 11:04:36,2026-03-25 12:02:40,随单送的京豆,-1.07,CNY,应付,2026年3月24日商家结算款,21796493,,,,,支出,20260324,0
="3442491014810210",="50700126032419200069976607",非销售单,="10163132090713",="202603250000011463290270031","天旗防爆电动扳手无刷大扭力轮胎汽修工具化工厂风炮套筒冲击扳手 310N,M 5.0A/20V【俩电标配+22*42防爆套筒】",2026-03-19 20:06:56,2026-03-24 10:11:02,2026-03-25 12:02:40,运费保险服务费,0.93,CNY,应收,2026年3月24日商家结算款,21796493,,,,JD59993442491014810210,收入,20260324,0
="3443427018670243",="10100126032419219687396607",订单,="10162520317131",="202603250000011463290270031","天旗防爆角磨机磨光机手砂轮无刷锂电切割抛光机电动多功能打磨机 4.0A/20V【俩电标配】",2026-03-20 08:43:39,2026-03-20 08:46:54,2026-03-25 12:02:40,交易服务费,-5.37,CNY,应付,2026年3月24日商家结算款,21796493,,,,,支出,20260324,1
="3444284000060105",="10100126032519228018423507",订单,="10163132090713",="202603260000011463290270031","天旗防爆电动扳手无刷大扭力轮胎汽修工具化工厂风炮套筒冲击扳手 310N.M 5.0A/20V【俩电标配+22*42防爆套筒】",2026-03-21 11:44:40,2026-03-21 11:47:51,2026-03-26 12:02:59,佣金,-75.54,CNY,应付,2026年3月25日商家结算款,21796493,,,,,支出,20260325,1
="3444284000060105",="10100126032519228018423607",订单,="10163132090713",="202603260000011463290270031","天旗防爆电动扳手无刷大扭力轮胎汽修工具化工厂风炮套筒冲击扳手 310N.M 5.0A/20V【俩电标配+22*42防爆套筒】",2026-03-21 11:44:40,2026-03-21 11:47:51,2026-03-26 12:02:59,交易服务费,-5.67,CNY,应付,2026年3月25日商家结算款,21796493,,,,,支出,20260325,1
="3444284000060105",="32100126032519227728407007",非销售单,="10163132090713",="202603260000011463290270031","天旗防爆电动扳手无刷大扭力轮胎汽修工具化工厂风炮套筒冲击扳手 310N.M 5.0A/20V【俩电标配+22*42防爆套筒】",2026-03-25 11:25:15,2026-03-25 11:25:36,2026-03-26 12:02:59,随单送的京豆,-0.92,CNY,应付,2026年3月25日商家结算款,21796493,,,,,支出,20260325,0
="3441461017937945",="10100126032519228409710607",订单,="10163132090715",="202603260000011463290270031","天旗防爆电动扳手无刷大扭力轮胎汽修工具化工厂风炮套筒冲击扳手 310N.M 5.0A/20V【俩电标配+22*60防爆套筒】",2026-03-18 17:14:49,2026-03-18 17:19:30,2026-03-26 12:02:59,佣金,-308.48,CNY,应付,2026年3月25日商家结算款,21796493,,,,,支出,20260325,4
="3441498009175125",="50700126032519223818514007",订单,="10176597499228",="202603260000011463290270031","天旗防爆电动扳手无刷大扭力轮胎汽修工具化工厂风炮套筒冲击扳手 600N.M 4.0A/21V【俩电标配】",2026-03-18 11:52:55,2026-03-25 07:58:09,2026-03-26 12:02:59,商品保险服务费,-4.05,CNY,应付,2026年3月25日商家结算款,21796493,,,,JD60963441498009175125,支出,20260325,0
="3441498009175125",="10100126032519223858545807",订单,="10176597499228",="202603260000011463290270031","天旗防爆电动扳手无刷大扭力轮胎汽修工具化工厂风炮套筒冲击扳手 600N.M 4.0A/21V【俩电标配】",2026-03-18 11:52:55,2026-03-19 10:28:44,2026-03-26 12:02:59,交易服务费,-9.81,CNY,应付,2026年3月25日商家结算款,21796493,,,,,支出,20260325,1
="3441461017937945",="10100126032519228409710707",订单,="10163132090715",="202603260000011463290270031","天旗防爆电动扳手无刷大扭力轮胎汽修工具化工厂风炮套筒冲击扳手 310N.M 5.0A/20V【俩电标配+22*60防爆套筒】",2026-03-18 17:14:49,2026-03-18 17:19:30,2026-03-26 12:02:59,交易服务费,-23.14,CNY,应付,2026年3月25日商家结算款,21796493,,,,,支出,20260325,4
="3441461017937945",="50700126032519229216939107",订单,="10163132090715",="202603260000011463290270031","天旗防爆电动扳手无刷大扭力轮胎汽修工具化工厂风炮套筒冲击扳手 310N.M 5.0A/20V【俩电标配+22*60防爆套筒】",2026-03-18 17:14:49,2026-03-25 11:55:03,2026-03-26 12:02:59,商品保险服务费,-9.64,CNY,应付,2026年3月25日商家结算款,21796493,,,,JD60963441461017937945,支出,20260325,0
="3441498009175125",="10100126032519223858545707",订单,="10176597499228",="202603260000011463290270031","天旗防爆电动扳手无刷大扭力轮胎汽修工具化工厂风炮套筒冲击扳手 600N.M 4.0A/21V【俩电标配】",2026-03-18 11:52:55,2026-03-19 10:28:44,2026-03-26 12:02:59,佣金,-130.74,CNY,应付,2026年3月25日商家结算款,21796493,,,,,支出,20260325,1
="3447233005366331",="50700126032519236483615707",非销售单,="10163132090713",="202603260000011463290270031","天旗防爆电动扳手无刷大扭力轮胎汽修工具化工厂风炮套筒冲击扳手 310N.M 5.0A/20V【俩电标配+22*42防爆套筒】",2026-03-24 12:06:45,2026-03-25 15:30:24,2026-03-26 12:02:59,运费保险服务费,-1.50,CNY,应付,2026年3月25日商家结算款,21796493,,,,JD60773447233005366331,支出,20260325,0
="3448498016358005",="50700126032519241687380407",订单,="10163132090712",="202603260000011463290270031","天旗防爆电动扳手无刷大扭力轮胎汽修工具化工厂风炮套筒冲击扳手 310N.M 4.0A/20V【俩电标配+22*42防爆套筒】",2026-03-25 18:41:22,2026-03-25 18:44:58,2026-03-26 12:02:59,商品保险服务费,-1.82,CNY,应付,2026年3月25日商家结算款,21796493,,,,JD19314847416625993448498016358005,支出,20260325,0
="3444284000060105",="10100126032519228018423307",订单,="10163132090713",="202603260000011463290270031","天旗防爆电动扳手无刷大扭力轮胎汽修工具化工厂风炮套筒冲击扳手 310N.M 5.0A/20V【俩电标配+22*42防爆套筒】",2026-03-21 11:44:40,2026-03-21 11:47:51,2026-03-26 12:02:59,货款,944.30,CNY,应收,2026年3月25日商家结算款,21796493,,,,,收入,20260325,1
="3441498009175125",="10100126032519223858545607",订单,="10176597499228",="202603260000011463290270031","天旗防爆电动扳手无刷大扭力轮胎汽修工具化工厂风炮套筒冲击扳手 600N.M 4.0A/21V【俩电标配】",2026-03-18 11:52:55,2026-03-19 10:28:44,2026-03-26 12:02:59,货款,1634.30,CNY,应收,2026年3月25日商家结算款,21796493,,,,,收入,20260325,1
="3441461017937945",="10100126032519228409710507",订单,="10163132090715",="202603260000011463290270031","天旗防爆电动扳手无刷大扭力轮胎汽修工具化工厂风炮套筒冲击扳手 310N.M 5.0A/20V【俩电标配+22*60防爆套筒】",2026-03-18 17:14:49,2026-03-18 17:19:30,2026-03-26 12:02:59,货款,3856.00,CNY,应收,2026年3月25日商家结算款,21796493,,,,,收入,20260325,4
="3447233005366331",="50700126032519236470373707",非销售单,="10163132090713",="202603260000011463290270031","天旗防爆电动扳手无刷大扭力轮胎汽修工具化工厂风炮套筒冲击扳手 310N.M 5.0A/20V【俩电标配+22*42防爆套筒】",2026-03-24 12:06:45,2026-03-25 15:30:25,2026-03-26 12:02:59,运费保险服务费,-0.93,CNY,应付,2026年3月25日商家结算款,21796493,,,,JD59993447233005366331,支出,20260325,0
="3444284000060105",="50700126032519228594337807",订单,="10163132090713",="202603260000011463290270031","天旗防爆电动扳手无刷大扭力轮胎汽修工具化工厂风炮套筒冲击扳手 310N.M 5.0A/20V【俩电标配+22*42防爆套筒】",2026-03-21 11:44:40,2026-03-25 11:43:31,2026-03-26 12:02:59,商品保险服务费,-2.32,CNY,应付,2026年3月25日商家结算款,21796493,,,,JD60963444284000060105,支出,20260325,0
="3447233005366331",="50700126032519236480323507",订单,="10163132090713",="202603260000011463290270031","天旗防爆电动扳手无刷大扭力轮胎汽修工具化工厂风炮套筒冲击扳手 310N.M 5.0A/20V【俩电标配+22*42防爆套筒】",2026-03-24 12:06:45,2026-03-25 15:30:24,2026-03-26 12:02:59,商品保险服务费,-2.73,CNY,应付,2026年3月25日商家结算款,21796493,,,,JD50133447233005366331,支出,20260325,0
="3443274002666423",="10100126032619257414812207",订单,="10163132090715",="202603270000011463290270031","天旗防爆电动扳手无刷大扭力轮胎汽修工具化工厂风炮套筒冲击扳手 310N.M 5.0A/20V【俩电标配+22*60防爆套筒】",2026-03-20 13:29:29,2026-03-20 13:32:43,2026-03-27 12:25:12,佣金,-77.52,CNY,应付,2026年3月26日商家结算款,21796493,,,,,支出,20260326,1
="3443274002666423",="50700126032619257932816307",订单,="10163132090715",="202603270000011463290270031","天旗防爆电动扳手无刷大扭力轮胎汽修工具化工厂风炮套筒冲击扳手 310N.M 5.0A/20V【俩电标配+22*60防爆套筒】",2026-03-20 13:29:29,2026-03-26 12:53:04,2026-03-27 12:25:12,商品保险服务费,-2.42,CNY,应付,2026年3月26日商家结算款,21796493,,,,JD60963443274002666423,支出,20260326,0
="3443274017277661",="10100126032619257465062907",订单,="10163132090715",="202603270000011463290270031","天旗防爆电动扳手无刷大扭力轮胎汽修工具化工厂风炮套筒冲击扳手 310N.M 5.0A/20V【俩电标配+22*60防爆套筒】",2026-03-20 13:30:55,2026-03-20 13:34:06,2026-03-27 12:25:12,佣金,-77.52,CNY,应付,2026年3月26日商家结算款,21796493,,,,,支出,20260326,1
="3443274002666423",="10100126032619257414812407",订单,="10163132090715",="202603270000011463290270031","天旗防爆电动扳手无刷大扭力轮胎汽修工具化工厂风炮套筒冲击扳手 310N.M 5.0A/20V【俩电标配+22*60防爆套筒】",2026-03-20 13:29:29,2026-03-20 13:32:43,2026-03-27 12:25:12,交易服务费,-5.81,CNY,应付,2026年3月26日商家结算款,21796493,,,,,支出,20260326,1
="3443274017277661",="10100126032619257465062807",订单,="10163132090715",="202603270000011463290270031","天旗防爆电动扳手无刷大扭力轮胎汽修工具化工厂风炮套筒冲击扳手 310N.M 5.0A/20V【俩电标配+22*60防爆套筒】",2026-03-20 13:30:55,2026-03-20 13:34:06,2026-03-27 12:25:12,货款,969.00,CNY,应收,2026年3月26日商家结算款,21796493,,,,,收入,20260326,1
="3442267003336530",="50700126032619251905521307",非销售单,="10179244273655",="202603270000011463290270031","天旗防爆电钻无刷电机化工厂冲击钻孔电起子工业手持电动螺丝刀 20V/2A 无冲击【两电标配】",2026-03-19 15:22:56,2026-03-26 10:20:43,2026-03-27 12:25:12,运费保险服务费,2.43,CNY,应收,2026年3月26日商家结算款,21796493,,,,JD59993442267003336530,收入,20260326,0
="3443274002666423",="10100126032619257414812007",订单,="10163132090715",="202603270000011463290270031","天旗防爆电动扳手无刷大扭力轮胎汽修工具化工厂风炮套筒冲击扳手 310N.M 5.0A/20V【俩电标配+22*60防爆套筒】",2026-03-20 13:29:29,2026-03-20 13:32:43,2026-03-27 12:25:12,货款,969.00,CNY,应收,2026年3月26日商家结算款,21796493,,,,,收入,20260326,1
="3443274017277661",="50700126032619257861459207",订单,="10163132090715",="202603270000011463290270031","天旗防爆电动扳手无刷大扭力轮胎汽修工具化工厂风炮套筒冲击扳手 310N.M 5.0A/20V【俩电标配+22*60防爆套筒】",2026-03-20 13:30:55,2026-03-26 12:51:31,2026-03-27 12:25:12,商品保险服务费,-2.42,CNY,应付,2026年3月26日商家结算款,21796493,,,,JD60963443274017277661,支出,20260326,0
="3449464010230530",="50700126032619272159834807",订单,="10163132090712",="202603270000011463290270031","天旗防爆电动扳手无刷大扭力轮胎汽修工具化工厂风炮套筒冲击扳手 310N.M 4.0A/20V【俩电标配+22*42防爆套筒】",2026-03-26 21:36:39,2026-03-26 21:36:52,2026-03-27 12:25:12,商品保险服务费,-1.87,CNY,应付,2026年3月26日商家结算款,21796493,,,,JD19314847416625993449464010230530,支出,20260326,0
="3443274017277661",="10100126032619257465063007",订单,="10163132090715",="202603270000011463290270031","天旗防爆电动扳手无刷大扭力轮胎汽修工具化工厂风炮套筒冲击扳手 310N.M 5.0A/20V【俩电标配+22*60防爆套筒】",2026-03-20 13:30:55,2026-03-20 13:34:06,2026-03-27 12:25:12,交易服务费,-5.81,CNY,应付,2026年3月26日商家结算款,21796493,,,,,支出,20260326,1
="3448413007718661",="50700126032719276026246807",非销售单,="10162520317131",="202603280000011463290270031","天旗防爆角磨机磨光机手砂轮无刷锂电切割抛光机电动多功能打磨机 4.0A/20V【俩电标配】",2026-03-25 15:31:35,2026-03-27 08:59:35,2026-03-28 12:03:05,运费保险服务费,-1.16,CNY,应付,2026年3月27日商家结算款,21796493,,,,JD59993448413007718661,支出,20260327,0
="3446486015675414",="50700126032719276151978907",订单,="10206003659802",="202603280000011463290270031","天旗无油防爆空压机 活动款 工业型无油空气压缩机静音可移动气泵 800KW 【YPHB-0.8(WY)YSTQ】",2026-03-23 07:53:10,2026-03-27 09:07:22,2026-03-28 12:03:05,商品保险服务费,-7.79,CNY,应付,2026年3月27日商家结算款,21796493,,,,JD50133446486015675414,支出,20260327,0
="3445211006924200",="10100126032719294087456907",订单,="10163132090715",="202603280000011463290270031","天旗防爆电动扳手无刷大扭力轮胎汽修工具化工厂风炮套筒冲击扳手 310N.M 5.0A/20V【俩电标配+22*60防爆套筒】",2026-03-22 21:18:00,2026-03-22 21:22:48,2026-03-28 12:03:05,佣金,-77.52,CNY,应付,2026年3月27日商家结算款,21796493,,,,,支出,20260327,1
="3447496016028212",="50700126032719287679415707",订单,="10165261432032",="202603280000011463290270031","天旗工业防爆吸尘器 整机防爆 工厂吸铁屑木屑铝屑粉尘镁粉车间 无线防爆吸尘器",2026-03-24 15:17:48,2026-03-27 15:21:01,2026-03-28 12:03:05,商品保险服务费,-2.37,CNY,应付,2026年3月27日商家结算款,21796493,,,,JD60963447496016028212,支出,20260327,0
="3447496016028212",="10100126032719287803034707",订单,="10165261432032",="202603280000011463290270031","天旗工业防爆吸尘器 整机防爆 工厂吸铁屑木屑铝屑粉尘镁粉车间 无线防爆吸尘器",2026-03-24 15:17:48,2026-03-24 15:22:31,2026-03-28 12:03:05,交易服务费,-5.85,CNY,应付,2026年3月27日商家结算款,21796493,,,,,支出,20260327,1
="3445211006924200",="50700126032719293834651207",订单,="10163132090715",="202603280000011463290270031","天旗防爆电动扳手无刷大扭力轮胎汽修工具化工厂风炮套筒冲击扳手 310N.M 5.0A/20V【俩电标配+22*60防爆套筒】",2026-03-22 21:18:00,2026-03-27 19:08:18,2026-03-28 12:03:05,商品保险服务费,-2.42,CNY,应付,2026年3月27日商家结算款,21796493,,,,JD60963445211006924200,支出,20260327,0
="3448498016358005",="50700126032719275769570607",非销售单,="10163132090712",="202603280000011463290270031","天旗防爆电动扳手无刷大扭力轮胎汽修工具化工厂风炮套筒冲击扳手 310N.M 4.0A/20V【俩电标配+22*42防爆套筒】",2026-03-25 18:41:22,2026-03-27 08:41:28,2026-03-28 12:03:05,运费保险服务费,-1.81,CNY,应付,2026年3月27日商家结算款,21796493,,,,JD59993448498016358005,支出,20260327,0
="3448413007718661",="50700126032719276025538607",非销售单,="10162520317131",="202603280000011463290270031","天旗防爆角磨机磨光机手砂轮无刷锂电切割抛光机电动多功能打磨机 4.0A/20V【俩电标配】",2026-03-25 15:31:35,2026-03-27 08:59:35,2026-03-28 12:03:05,运费保险服务费,-0.30,CNY,应付,2026年3月27日商家结算款,21796493,,,,JD60773448413007718661,支出,20260327,0
="3447417010491881",="50700126032719276045350407",非销售单,="10209193916962",="202603280000011463290270031","天旗工业防爆照相机石油化工防爆高清摄影相机 EXSY-2000- TQ【升级款】",2026-03-24 12:38:03,2026-03-27 09:01:05,2026-03-28 12:03:05,运费保险服务费,-1.15,CNY,应付,2026年3月27日商家结算款,21796493,,,,JD60773447417010491881,支出,20260327,0
="3448216006930870",="50700126032719277337802307",订单,="10209193916961",="202603280000011463290270031","天旗工业防爆照相机石油化工防爆高清摄影相机 EXSY-2000-P1TQ",2026-03-25 10:01:10,2026-03-27 10:17:53,2026-03-28 12:03:05,商品保险服务费,-4.74,CNY,应付,2026年3月27日商家结算款,21796493,,,,JD50133448216006930870,支出,20260327,0
="3446486015675414",="50700126032719276150794307",非销售单,="10206003659802",="202603280000011463290270031","天旗无油防爆空压机 活动款 工业型无油空气压缩机静音可移动气泵 800KW 【YPHB-0.8(WY)YSTQ】",2026-03-23 07:53:10,2026-03-27 09:07:23,2026-03-28 12:03:05,运费保险服务费,-0.83,CNY,应付,2026年3月27日商家结算款,21796493,,,,JD59993446486015675414,支出,20260327,0
="3446486015675414",="50700126032719276152079307",非销售单,="10206003659802",="202603280000011463290270031","天旗无油防爆空压机 活动款 工业型无油空气压缩机静音可移动气泵 800KW 【YPHB-0.8(WY)YSTQ】",2026-03-23 07:53:10,2026-03-27 09:07:22,2026-03-28 12:03:05,运费保险服务费,-0.53,CNY,应付,2026年3月27日商家结算款,21796493,,,,JD60773446486015675414,支出,20260327,0
="3445211006924200",="10100126032719294087457007",订单,="10163132090715",="202603280000011463290270031","天旗防爆电动扳手无刷大扭力轮胎汽修工具化工厂风炮套筒冲击扳手 310N.M 5.0A/20V【俩电标配+22*60防爆套筒】",2026-03-22 21:18:00,2026-03-22 21:22:48,2026-03-28 12:03:05,交易服务费,-5.81,CNY,应付,2026年3月27日商家结算款,21796493,,,,,支出,20260327,1
="3448498016358005",="50700126032719275778122107",非销售单,="10163132090712",="202603280000011463290270031","天旗防爆电动扳手无刷大扭力轮胎汽修工具化工厂风炮套筒冲击扳手 310N.M 4.0A/20V【俩电标配+22*42防爆套筒】",2026-03-25 18:41:22,2026-03-27 08:41:28,2026-03-28 12:03:05,运费保险服务费,-0.75,CNY,应付,2026年3月27日商家结算款,21796493,,,,JD60773448498016358005,支出,20260327,0
="3448216006930870",="50700126032719277335714407",非销售单,="10209193916961",="202603280000011463290270031","天旗工业防爆照相机石油化工防爆高清摄影相机 EXSY-2000-P1TQ",2026-03-25 10:01:10,2026-03-27 10:17:52,2026-03-28 12:03:05,运费保险服务费,-0.20,CNY,应付,2026年3月27日商家结算款,21796493,,,,JD60773448216006930870,支出,20260327,0
="3447496016028212",="10100126032719287803034607",订单,="10165261432032",="202603280000011463290270031","天旗工业防爆吸尘器 整机防爆 工厂吸铁屑木屑铝屑粉尘镁粉车间 无线防爆吸尘器",2026-03-24 15:17:48,2026-03-24 15:22:31,2026-03-28 12:03:05,佣金,-48.72,CNY,应付,2026年3月27日商家结算款,21796493,,,,,支出,20260327,1
="3448498016358005",="50700126032719275781406107",订单,="10163132090712",="202603280000011463290270031","天旗防爆电动扳手无刷大扭力轮胎汽修工具化工厂风炮套筒冲击扳手 310N.M 4.0A/20V【俩电标配+22*42防爆套筒】",2026-03-25 18:41:22,2026-03-27 08:41:29,2026-03-28 12:03:05,商品保险服务费,-2.56,CNY,应付,2026年3月27日商家结算款,21796493,,,,JD50133448498016358005,支出,20260327,0
="3445211006924200",="10100126032719294087456807",订单,="10163132090715",="202603280000011463290270031","天旗防爆电动扳手无刷大扭力轮胎汽修工具化工厂风炮套筒冲击扳手 310N.M 5.0A/20V【俩电标配+22*60防爆套筒】",2026-03-22 21:18:00,2026-03-22 21:22:48,2026-03-28 12:03:05,货款,969.00,CNY,应收,2026年3月27日商家结算款,21796493,,,,,收入,20260327,1
="3447496016028212",="10100126032719287803034507",订单,="10165261432032",="202603280000011463290270031","天旗工业防爆吸尘器 整机防爆 工厂吸铁屑木屑铝屑粉尘镁粉车间 无线防爆吸尘器",2026-03-24 15:17:48,2026-03-24 15:22:31,2026-03-28 12:03:05,货款,974.50,CNY,应收,2026年3月27日商家结算款,21796493,,,,,收入,20260327,1
="3447417010491881",="50700126032719276055385207",订单,="10209193916962",="202603280000011463290270031","天旗工业防爆照相机石油化工防爆高清摄影相机 EXSY-2000- TQ【升级款】",2026-03-24 12:38:03,2026-03-27 09:01:04,2026-03-28 12:03:05,商品保险服务费,-13.04,CNY,应付,2026年3月27日商家结算款,21796493,,,,JD50133447417010491881,支出,20260327,0
="3446486015675414",="10100126032719276222944507",订单,="0",="202603280000011463290270031",,2026-03-23 07:53:10,2026-03-27 09:12:27,2026-03-28 12:03:05,综合违约金,-6.00,CNY,应付,2026年3月27日商家结算款,21796493,,,,,支出,20260327,0
="3448216006930870",="50700126032719277334226307",非销售单,="10209193916961",="202603280000011463290270031","天旗工业防爆照相机石油化工防爆高清摄影相机 EXSY-2000-P1TQ",2026-03-25 10:01:10,2026-03-27 10:17:53,2026-03-28 12:03:05,运费保险服务费,-1.12,CNY,应付,2026年3月27日商家结算款,21796493,,,,JD59993448216006930870,支出,20260327,0
="3447461019609465",="50700126032719277409481707",订单,="10165000894208",="202603280000011463290270031","补差价链接",2026-03-24 17:53:47,2026-03-27 10:21:28,2026-03-28 12:03:05,商品保险服务费,-0.18,CNY,应付,2026年3月27日商家结算款,21796493,,,,JD50133447461019609465,支出,20260327,0
="3448413007718661",="50700126032719276023051507",订单,="10162520317131",="202603280000011463290270031","天旗防爆角磨机磨光机手砂轮无刷锂电切割抛光机电动多功能打磨机 4.0A/20V【俩电标配】",2026-03-25 15:31:35,2026-03-27 08:59:36,2026-03-28 12:03:05,商品保险服务费,-2.58,CNY,应付,2026年3月27日商家结算款,21796493,,,,JD50133448413007718661,支出,20260327,0
="3447417010491881",="50700126032719276050113407",非销售单,="10209193916962",="202603280000011463290270031","天旗工业防爆照相机石油化工防爆高清摄影相机 EXSY-2000- TQ【升级款】",2026-03-24 12:38:03,2026-03-27 09:01:05,2026-03-28 12:03:05,运费保险服务费,-1.61,CNY,应付,2026年3月27日商家结算款,21796493,,,,JD59993447417010491881,支出,20260327,0
="3449464010230530",="50700126032819302902485107",订单,="10163132090712",="202603290000011463290270031","天旗防爆电动扳手无刷大扭力轮胎汽修工具化工厂风炮套筒冲击扳手 310N.M 4.0A/20V【俩电标配+22*42防爆套筒】",2026-03-26 21:36:39,2026-03-28 09:36:27,2026-03-29 08:23:09,商品保险服务费,-2.63,CNY,应付,2026年3月28日商家结算款,21796493,,,,JD50133449464010230530,支出,20260328,0
="3446461019289658",="10100126032819314139800407",订单,="10165000894208",="202603290000011463290270031","补差价链接",2026-03-23 15:11:44,2026-03-23 15:14:54,2026-03-29 08:23:09,交易服务费,-0.36,CNY,应付,2026年3月28日商家结算款,21796493,,,,,支出,20260328,1
="3451481002116898",="50700126032819302562671407",订单,="10163132090712",="202603290000011463290270031","天旗防爆电动扳手无刷大扭力轮胎汽修工具化工厂风炮套筒冲击扳手 310N.M 4.0A/20V【俩电标配+22*42防爆套筒】",2026-03-28 09:17:33,2026-03-28 09:17:49,2026-03-29 08:23:09,商品保险服务费,-7.65,CNY,应付,2026年3月28日商家结算款,21796493,,,,JD19314847416625993451481002116898,支出,20260328,0
="3449464010230530",="50700126032819302891849607",非销售单,="10163132090712",="202603290000011463290270031","天旗防爆电动扳手无刷大扭力轮胎汽修工具化工厂风炮套筒冲击扳手 310N.M 4.0A/20V【俩电标配+22*42防爆套筒】",2026-03-26 21:36:39,2026-03-28 09:36:27,2026-03-29 08:23:09,运费保险服务费,-0.36,CNY,应付,2026年3月28日商家结算款,21796493,,,,JD60773449464010230530,支出,20260328,0
="3446461019289658",="10100126032819314139800307",订单,="10165000894208",="202603290000011463290270031","补差价链接",2026-03-23 15:11:44,2026-03-23 15:14:54,2026-03-29 08:23:09,佣金,-0.60,CNY,应付,2026年3月28日商家结算款,21796493,,,,,支出,20260328,1
="3446461019289658",="10100126032819314139800207",订单,="10165000894208",="202603290000011463290270031","补差价链接",2026-03-23 15:11:44,2026-03-23 15:14:54,2026-03-29 08:23:09,货款,60.00,CNY,应收,2026年3月28日商家结算款,21796493,,,,,收入,20260328,1
="3450470018992900",="50700126032819303004421607",非销售单,="10162527911099",="202603290000011463290270031","天旗防爆电锤电镐电钻工业多功能混凝土大功率冲击钻电动工具 4.0A/20V【俩电标配】",2026-03-27 13:08:08,2026-03-28 09:42:20,2026-03-29 08:23:09,运费保险服务费,-0.66,CNY,应付,2026年3月28日商家结算款,21796493,,,,JD60773450470018992900,支出,20260328,0
="3450470018992900",="50700126032819303000748407",订单,="10162527911099",="202603290000011463290270031","天旗防爆电锤电镐电钻工业多功能混凝土大功率冲击钻电动工具 4.0A/20V【俩电标配】",2026-03-27 13:08:08,2026-03-28 09:42:20,2026-03-29 08:23:09,商品保险服务费,-0.92,CNY,应付,2026年3月28日商家结算款,21796493,,,,JD50333450470018992900,支出,20260328,0
="3450470018992900",="50700126032819303003522307",订单,="10162527911099",="202603290000011463290270031","天旗防爆电锤电镐电钻工业多功能混凝土大功率冲击钻电动工具 4.0A/20V【俩电标配】",2026-03-27 13:08:08,2026-03-28 09:42:20,2026-03-29 08:23:09,商品保险服务费,-2.94,CNY,应付,2026年3月28日商家结算款,21796493,,,,JD50133450470018992900,支出,20260328,0
="3450470018992900",="50700126032819303005611307",非销售单,="10162527911099",="202603290000011463290270031","天旗防爆电锤电镐电钻工业多功能混凝土大功率冲击钻电动工具 4.0A/20V【俩电标配】",2026-03-27 13:08:08,2026-03-28 09:42:19,2026-03-29 08:23:09,运费保险服务费,-1.59,CNY,应付,2026年3月28日商家结算款,21796493,,,,JD59993450470018992900,支出,20260328,0
="3449464010230530",="50700126032819302892142407",非销售单,="10163132090712",="202603290000011463290270031","天旗防爆电动扳手无刷大扭力轮胎汽修工具化工厂风炮套筒冲击扳手 310N.M 4.0A/20V【俩电标配+22*42防爆套筒】",2026-03-26 21:36:39,2026-03-28 09:36:26,2026-03-29 08:23:09,运费保险服务费,-0.77,CNY,应付,2026年3月28日商家结算款,21796493,,,,JD59993449464010230530,支出,20260328,0
="3452250006561791",="50700126032919329759668007",订单,="10179244273657",="202603300000011463290270031","天旗防爆电钻无刷电机化工厂冲击钻孔电起子工业手持电动螺丝刀 20V/2A 带冲击【两电标配】",2026-03-29 09:01:48,2026-03-29 09:06:47,2026-03-30 12:05:31,商品保险服务费,-2.37,CNY,应付,2026年3月29日商家结算款,21796493,,,,JD19314847416625993452250006561791,支出,20260329,0
="3452250011043188",="50700126032919331440274707",订单,="10176597499228",="202603300000011463290270031","天旗防爆电动扳手无刷大扭力轮胎汽修工具化工厂风炮套筒冲击扳手 600N.M 4.0A/21V【俩电标配】",2026-03-29 10:32:39,2026-03-29 10:32:54,2026-03-30 12:05:31,商品保险服务费,-3.43,CNY,应付,2026年3月29日商家结算款,21796493,,,,JD19314847416625993452250011043188,支出,20260329,0
="3447472018167748",="10100126032919337537512107",订单,="10209193916961",="202603300000011463290270031","天旗工业防爆照相机石油化工防爆高清摄影相机 EXSY-2000-P1TQ",2026-03-24 09:23:57,2026-03-24 09:27:26,2026-03-30 12:05:31,货款,949.00,CNY,应收,2026年3月29日商家结算款,21796493,,,,,收入,20260329,1
="3452468006535166",="50700126032919339577119207",订单,="10163132090715",="202603300000011463290270031","天旗防爆电动扳手无刷大扭力轮胎汽修工具化工厂风炮套筒冲击扳手 310N.M 5.0A/20V【俩电标配+22*60防爆套筒】",2026-03-29 13:13:19,2026-03-29 13:44:22,2026-03-30 12:05:31,商品保险服务费,-4.15,CNY,应付,2026年3月29日商家结算款,21796493,,,,JD19314847416625993452468006535166,支出,20260329,0
="3451481002116898",="50700126032919331878554307",订单,="10163132090712",="202603300000011463290270031","天旗防爆电动扳手无刷大扭力轮胎汽修工具化工厂风炮套筒冲击扳手 310N.M 4.0A/20V【俩电标配+22*42防爆套筒】",2026-03-28 09:17:33,2026-03-29 10:49:59,2026-03-30 12:05:31,商品保险服务费,-10.83,CNY,应付,2026年3月29日商家结算款,21796493,,,,JD50133451481002116898,支出,20260329,0
="3452250006561791",="10100126032919330999691907",订单,="10179244273657",="202603300000011463290270031","天旗防爆电钻无刷电机化工厂冲击钻孔电起子工业手持电动螺丝刀 20V/2A 带冲击【两电标配】",2026-03-29 09:01:48,2026-03-29 09:09:37,2026-03-30 12:05:31,交易服务费,-6.81,CNY,应付,2026年3月29日商家结算款,21796493,,,,,支出,20260329,1
="3451481002116898",="50700126032919331883130607",非销售单,="10163132090712",="202603300000011463290270031","天旗防爆电动扳手无刷大扭力轮胎汽修工具化工厂风炮套筒冲击扳手 310N.M 4.0A/20V【俩电标配+22*42防爆套筒】",2026-03-28 09:17:33,2026-03-29 10:49:59,2026-03-30 12:05:31,运费保险服务费,-2.37,CNY,应付,2026年3月29日商家结算款,21796493,,,,JD59993451481002116898,支出,20260329,0
="3451481002116898",="50700126032919331883826407",非销售单,="10163132090712",="202603300000011463290270031","天旗防爆电动扳手无刷大扭力轮胎汽修工具化工厂风炮套筒冲击扳手 310N.M 4.0A/20V【俩电标配+22*42防爆套筒】",2026-03-28 09:17:33,2026-03-29 10:50:02,2026-03-30 12:05:31,运费保险服务费,-0.90,CNY,应付,2026年3月29日商家结算款,21796493,,,,JD60773451481002116898,支出,20260329,0
="3447472018167748",="10100126032919337537512407",订单,="10209193916961",="202603300000011463290270031","天旗工业防爆照相机石油化工防爆高清摄影相机 EXSY-2000-P1TQ",2026-03-24 09:23:57,2026-03-24 09:27:26,2026-03-30 12:05:31,交易服务费,-5.69,CNY,应付,2026年3月29日商家结算款,21796493,,,,,支出,20260329,1
="3447472018167748",="10100126032919337537512207",订单,="10209193916961",="202603300000011463290270031","天旗工业防爆照相机石油化工防爆高清摄影相机 EXSY-2000-P1TQ",2026-03-24 09:23:57,2026-03-24 09:27:26,2026-03-30 12:05:31,佣金,-23.72,CNY,应付,2026年3月29日商家结算款,21796493,,,,,支出,20260329,1
="3452289017239055",="50700126032919337471143707",订单,="10163132090712",="202603300000011463290270031","天旗防爆电动扳手无刷大扭力轮胎汽修工具化工厂风炮套筒冲击扳手 310N.M 4.0A/20V【俩电标配+22*42防爆套筒】",2026-03-29 12:29:00,2026-03-29 12:56:57,2026-03-30 12:05:31,商品保险服务费,-1.87,CNY,应付,2026年3月29日商家结算款,21796493,,,,JD19314847416625993452289017239055,支出,20260329,0
="3447472018167748",="50700126032919337890245207",订单,="10209193916961",="202603300000011463290270031","天旗工业防爆照相机石油化工防爆高清摄影相机 EXSY-2000-P1TQ",2026-03-24 09:23:57,2026-03-29 13:06:04,2026-03-30 12:05:31,商品保险服务费,-5.69,CNY,应付,2026年3月29日商家结算款,21796493,,,,JD60963447472018167748,支出,20260329,0
="3452468006535166",="50700126033019371492064607",订单,="10163132090715",="202603310000011463290270031","天旗防爆电动扳手无刷大扭力轮胎汽修工具化工厂风炮套筒冲击扳手 310N.M 5.0A/20V【俩电标配+22*60防爆套筒】",2026-03-29 13:13:19,2026-03-30 16:24:48,2026-03-31 12:25:57,商品保险服务费,-5.87,CNY,应付,2026年3月30日商家结算款,21796493,,,,JD50133452468006535166,支出,20260330,0
="3452468006535166",="50700126033019371496942307",非销售单,="10163132090715",="202603310000011463290270031","天旗防爆电动扳手无刷大扭力轮胎汽修工具化工厂风炮套筒冲击扳手 310N.M 5.0A/20V【俩电标配+22*60防爆套筒】",2026-03-29 13:13:19,2026-03-30 16:24:48,2026-03-31 12:25:57,运费保险服务费,-0.94,CNY,应付,2026年3月30日商家结算款,21796493,,,,JD60773452468006535166,支出,20260330,0
="3453484002924944",="50700126033019371538364807",订单,="10163132090713",="202603310000011463290270031","天旗防爆电动扳手无刷大扭力轮胎汽修工具化工厂风炮套筒冲击扳手 310N.M 5.0A/20V【俩电标配+22*42防爆套筒】",2026-03-30 13:05:20,2026-03-30 16:27:01,2026-03-31 12:25:57,商品保险服务费,-2.79,CNY,应付,2026年3月30日商家结算款,21796493,,,,JD50133453484002924944,支出,20260330,0
="3443405011036786",="10100126033019379638848807",订单,="10165000894208",="202603310000011463290270031","补差价链接",2026-03-20 09:29:49,2026-03-20 09:33:06,2026-03-31 12:25:57,佣金,-2.55,CNY,应付,2026年3月30日商家结算款,21796493,,,,,支出,20260330,1
="3447417010491881",="50700126033019371128434007",订单,="10209193916962",="202603310000011463290270031","天旗工业防爆照相机石油化工防爆高清摄影相机 EXSY-2000- TQ【升级款】",2026-03-24 12:38:03,2026-03-30 16:06:16,2026-03-31 12:25:57,商品保险服务费,-15.65,CNY,应付,2026年3月30日商家结算款,21796493,,,,JD60963447417010491881,支出,20260330,0
="3452290002518891",="50700126033019371525584707",订单,="10162527911098",="202603310000011463290270031","天旗防爆电锤电镐电钻工业多功能混凝土大功率冲击钻电动工具 4.0A/20V【一电标配】",2026-03-29 14:29:01,2026-03-30 16:25:45,2026-03-31 12:25:57,商品保险服务费,-2.64,CNY,应付,2026年3月30日商家结算款,21796493,,,,JD50133452290002518891,支出,20260330,0
="3452289017239055",="50700126033019371490038207",非销售单,="10163132090712",="202603310000011463290270031","天旗防爆电动扳手无刷大扭力轮胎汽修工具化工厂风炮套筒冲击扳手 310N.M 4.0A/20V【俩电标配+22*42防爆套筒】",2026-03-29 12:29:00,2026-03-30 16:24:25,2026-03-31 12:25:57,运费保险服务费,-0.72,CNY,应付,2026年3月30日商家结算款,21796493,,,,JD60773452289017239055,支出,20260330,0
="3447417010491881",="10100126033019371272508507",订单,="10209193916962",="202603310000011463290270031","天旗工业防爆照相机石油化工防爆高清摄影相机 EXSY-2000- TQ【升级款】",2026-03-24 12:38:03,2026-03-24 12:49:00,2026-03-31 12:25:57,交易服务费,-15.65,CNY,应付,2026年3月30日商家结算款,21796493,,,,,支出,20260330,1
="3453460011324445",="50700126033019374991047007",订单,="10163132090713",="202603310000011463290270031","天旗防爆电动扳手无刷大扭力轮胎汽修工具化工厂风炮套筒冲击扳手 310N.M 5.0A/20V【俩电标配+22*42防爆套筒】",2026-03-30 18:27:21,2026-03-30 18:27:47,2026-03-31 12:25:57,商品保险服务费,-1.99,CNY,应付,2026年3月30日商家结算款,21796493,,,,JD19314847416625993453460011324445,支出,20260330,0
="3453484002924944",="50700126033019371539953907",非销售单,="10163132090713",="202603310000011463290270031","天旗防爆电动扳手无刷大扭力轮胎汽修工具化工厂风炮套筒冲击扳手 310N.M 5.0A/20V【俩电标配+22*42防爆套筒】",2026-03-30 13:05:20,2026-03-30 16:27:00,2026-03-31 12:25:57,运费保险服务费,-3.37,CNY,应付,2026年3月30日商家结算款,21796493,,,,JD60773453484002924944,支出,20260330,0
="3447417010491881",="32100126033019371153656807",非销售单,="10209193916962",="202603310000011463290270031","天旗工业防爆照相机石油化工防爆高清摄影相机 EXSY-2000- TQ【升级款】",2026-03-30 16:07:16,2026-03-30 16:07:36,2026-03-31 12:25:57,随单送的京豆,-1.30,CNY,应付,2026年3月30日商家结算款,21796493,,,,,支出,20260330,0
="3453484002924944",="50700126033019367903371807",订单,="10163132090713",="202603310000011463290270031","天旗防爆电动扳手无刷大扭力轮胎汽修工具化工厂风炮套筒冲击扳手 310N.M 5.0A/20V【俩电标配+22*42防爆套筒】",2026-03-30 13:05:20,2026-03-30 13:50:39,2026-03-31 12:25:57,商品保险服务费,-1.97,CNY,应付,2026年3月30日商家结算款,21796493,,,,JD19314847416625993453484002924944,支出,20260330,0
="3453210009193065",="50700126033019357432546307",订单,="10163132090715",="202603310000011463290270031","天旗防爆电动扳手无刷大扭力轮胎汽修工具化工厂风炮套筒冲击扳手 310N.M 5.0A/20V【俩电标配+22*60防爆套筒】",2026-03-30 08:07:02,2026-03-30 08:09:37,2026-03-31 12:25:57,商品保险服务费,-2.06,CNY,应付,2026年3月30日商家结算款,21796493,,,,JD19314847416625993453210009193065,支出,20260330,0
="3443405011036786",="10100126033019379638848607",订单,="10165000894208",="202603310000011463290270031","补差价链接",2026-03-20 09:29:49,2026-03-20 09:33:06,2026-03-31 12:25:57,货款,255.00,CNY,应收,2026年3月30日商家结算款,21796493,,,,,收入,20260330,1
="3452290002518891",="50700126033019371514946307",非销售单,="10162527911098",="202603310000011463290270031","天旗防爆电锤电镐电钻工业多功能混凝土大功率冲击钻电动工具 4.0A/20V【一电标配】",2026-03-29 14:29:01,2026-03-30 16:25:44,2026-03-31 12:25:57,运费保险服务费,-2.72,CNY,应付,2026年3月30日商家结算款,21796493,,,,JD60773452290002518891,支出,20260330,0
="3453484002924944",="50700126033019371538360907",非销售单,="10163132090713",="202603310000011463290270031","天旗防爆电动扳手无刷大扭力轮胎汽修工具化工厂风炮套筒冲击扳手 310N.M 5.0A/20V【俩电标配+22*42防爆套筒】",2026-03-30 13:05:20,2026-03-30 16:27:00,2026-03-31 12:25:57,运费保险服务费,-0.85,CNY,应付,2026年3月30日商家结算款,21796493,,,,JD59993453484002924944,支出,20260330,0
="3453484002924944",="50700126033019371552376407",订单,="10163132090713",="202603310000011463290270031","天旗防爆电动扳手无刷大扭力轮胎汽修工具化工厂风炮套筒冲击扳手 310N.M 5.0A/20V【俩电标配+22*42防爆套筒】",2026-03-30 13:05:20,2026-03-30 16:27:01,2026-03-31 12:25:57,商品保险服务费,-0.92,CNY,应付,2026年3月30日商家结算款,21796493,,,,JD50333453484002924944,支出,20260330,0
="3453423011447285",="50700126033019372377776607",订单,="10179244273655",="202603310000011463290270031","天旗防爆电钻无刷电机化工厂冲击钻孔电起子工业手持电动螺丝刀 20V/2A 无冲击【两电标配】",2026-03-30 17:01:23,2026-03-30 17:03:41,2026-03-31 12:25:57,商品保险服务费,-2.27,CNY,应付,2026年3月30日商家结算款,21796493,,,,JD19314847416625993453423011447285,支出,20260330,0
="3447417010491881",="10100126033019371272508307",订单,="10209193916962",="202603310000011463290270031","天旗工业防爆照相机石油化工防爆高清摄影相机 EXSY-2000- TQ【升级款】",2026-03-24 12:38:03,2026-03-24 12:49:00,2026-03-31 12:25:57,货款,2609.00,CNY,应收,2026年3月30日商家结算款,21796493,,,,,收入,20260330,1
="3452290002518891",="50700126033019371517630107",非销售单,="10162527911098",="202603310000011463290270031","天旗防爆电锤电镐电钻工业多功能混凝土大功率冲击钻电动工具 4.0A/20V【一电标配】",2026-03-29 14:29:01,2026-03-30 16:25:45,2026-03-31 12:25:57,运费保险服务费,-1.50,CNY,应付,2026年3月30日商家结算款,21796493,,,,JD59993452290002518891,支出,20260330,0
="3453469006851240",="50700126033019361042939507",订单,="10180277048947",="202603310000011463290270031","天旗防爆电动扳手无刷大扭力轮胎汽修工具化工厂风炮套筒冲击扳手 900N.M 7.5A/21V【俩电标配】",2026-03-30 11:08:57,2026-03-30 11:18:51,2026-03-31 12:25:57,商品保险服务费,-5.68,CNY,应付,2026年3月30日商家结算款,21796493,,,,JD19314847416625993453469006851240,支出,20260330,0
="3452289017239055",="50700126033019371481572607",订单,="10163132090712",="202603310000011463290270031","天旗防爆电动扳手无刷大扭力轮胎汽修工具化工厂风炮套筒冲击扳手 310N.M 4.0A/20V【俩电标配+22*42防爆套筒】",2026-03-29 12:29:00,2026-03-30 16:24:24,2026-03-31 12:25:57,商品保险服务费,-2.64,CNY,应付,2026年3月30日商家结算款,21796493,,,,JD50133452289017239055,支出,20260330,0
="3447496016028212",="32100126033019362204708807",非销售单,="10165261432032",="202603310000011463290270031","天旗工业防爆吸尘器 整机防爆 工厂吸铁屑木屑铝屑粉尘镁粉车间 无线防爆吸尘器",2026-03-27 15:22:01,2026-03-30 11:43:36,2026-03-31 12:25:57,随单送的京豆,-0.94,CNY,应付,2026年3月30日商家结算款,21796493,,,,,支出,20260330,0
="3452289017239055",="50700126033019371493605407",非销售单,="10163132090712",="202603310000011463290270031","天旗防爆电动扳手无刷大扭力轮胎汽修工具化工厂风炮套筒冲击扳手 310N.M 4.0A/20V【俩电标配+22*42防爆套筒】",2026-03-29 12:29:00,2026-03-30 16:24:25,2026-03-31 12:25:57,运费保险服务费,-0.77,CNY,应付,2026年3月30日商家结算款,21796493,,,,JD59993452289017239055,支出,20260330,0
="3452468006535166",="50700126033019371495550307",非销售单,="10163132090715",="202603310000011463290270031","天旗防爆电动扳手无刷大扭力轮胎汽修工具化工厂风炮套筒冲击扳手 310N.M 5.0A/20V【俩电标配+22*60防爆套筒】",2026-03-29 13:13:19,2026-03-30 16:24:48,2026-03-31 12:25:57,运费保险服务费,-1.92,CNY,应付,2026年3月30日商家结算款,21796493,,,,JD59993452468006535166,支出,20260330,0
="3453460006904139",="50700126033019374594856407",订单,="10163132090712",="202603310000011463290270031","天旗防爆电动扳手无刷大扭力轮胎汽修工具化工厂风炮套筒冲击扳手 310N.M 4.0A/20V【俩电标配+22*42防爆套筒】",2026-03-30 18:15:56,2026-03-30 18:16:25,2026-03-31 12:25:57,商品保险服务费,-1.89,CNY,应付,2026年3月30日商家结算款,21796493,,,,JD19314847416625993453460006904139,支出,20260330,0
="3447417010491881",="10100126033019371272508407",订单,="10209193916962",="202603310000011463290270031","天旗工业防爆照相机石油化工防爆高清摄影相机 EXSY-2000- TQ【升级款】",2026-03-24 12:38:03,2026-03-24 12:49:00,2026-03-31 12:25:57,佣金,-65.22,CNY,应付,2026年3月30日商家结算款,21796493,,,,,支出,20260330,1
="3443405011036786",="10100126033019379638849007",订单,="10165000894208",="202603310000011463290270031","补差价链接",2026-03-20 09:29:49,2026-03-20 09:33:06,2026-03-31 12:25:57,交易服务费,-1.53,CNY,应付,2026年3月30日商家结算款,21796493,,,,,支出,20260330,1
="3453423011447285",="50700126033119384159794607",非销售单,="10179244273655",="202604010000011463290270031","天旗防爆电钻无刷电机化工厂冲击钻孔电起子工业手持电动螺丝刀 20V/2A 无冲击【两电标配】",2026-03-30 17:01:23,2026-03-31 09:14:17,2026-04-01 12:40:14,运费保险服务费,-4.91,CNY,应付,2026年3月31日商家结算款,21796493,,,,JD60773453423011447285,支出,20260331,0
="3441445017687783",="50700126033119394296593407",订单,="10163132090713",="202604010000011463290270031","天旗防爆电动扳手无刷大扭力轮胎汽修工具化工厂风炮套筒冲击扳手 310N.M 5.0A/20V【俩电标配+22*42防爆套筒】",2026-03-18 20:28:28,2026-03-31 14:11:19,2026-04-01 12:40:14,商品保险服务费,-14.31,CNY,应付,2026年3月31日商家结算款,21796493,,,,JD60963441445017687783,支出,20260331,0
="3453460011307468",="50700126033119384537814307",非销售单,="10162520317132",="202604010000011463290270031","天旗防爆角磨机磨光机手砂轮无刷锂电切割抛光机电动多功能打磨机 5A/20V【俩电标配】",2026-03-30 17:36:15,2026-03-31 09:37:12,2026-04-01 12:40:14,运费保险服务费,-1.25,CNY,应付,2026年3月31日商家结算款,21796493,,,,JD59993453460011307468,支出,20260331,0
="3447233005366331",="10100126033119397137416007",订单,="10163132090713",="202604010000011463290270031","天旗防爆电动扳手无刷大扭力轮胎汽修工具化工厂风炮套筒冲击扳手 310N.M 5.0A/20V【俩电标配+22*42防爆套筒】",2026-03-24 12:06:45,2026-03-24 12:09:52,2026-04-01 12:40:14,交易服务费,-5.61,CNY,应付,2026年3月31日商家结算款,21796493,,,,,支出,20260331,1
="3453423011447285",="50700126033119384153426307",非销售单,="10179244273655",="202604010000011463290270031","天旗防爆电钻无刷电机化工厂冲击钻孔电起子工业手持电动螺丝刀 20V/2A 无冲击【两电标配】",2026-03-30 17:01:23,2026-03-31 09:14:16,2026-04-01 12:40:14,运费保险服务费,-1.92,CNY,应付,2026年3月31日商家结算款,21796493,,,,JD59993453423011447285,支出,20260331,0
="3451481002116898",="10100126033119392804776907",订单,="10163132090712",="202604010000011463290270031","天旗防爆电动扳手无刷大扭力轮胎汽修工具化工厂风炮套筒冲击扳手 310N.M 4.0A/20V【俩电标配+22*42防爆套筒】",2026-03-28 09:17:33,2026-03-28 09:20:39,2026-04-01 12:40:14,交易服务费,-21.75,CNY,应付,2026年3月31日商家结算款,21796493,,,,,支出,20260331,4
="3447233005366331",="50700126033119396990371907",订单,="10163132090713",="202604010000011463290270031","天旗防爆电动扳手无刷大扭力轮胎汽修工具化工厂风炮套筒冲击扳手 310N.M 5.0A/20V【俩电标配+22*42防爆套筒】",2026-03-24 12:06:45,2026-03-31 16:25:55,2026-04-01 12:40:14,商品保险服务费,-2.27,CNY,应付,2026年3月31日商家结算款,21796493,,,,JD60963447233005366331,支出,20260331,0
="3454446007216756",="50700126033119395428459307",非销售单,="10162527911098",="202604010000011463290270031","天旗防爆电锤电镐电钻工业多功能混凝土大功率冲击钻电动工具 4.0A/20V【一电标配】",2026-03-31 12:33:34,2026-03-31 15:00:39,2026-04-01 12:40:14,运费保险服务费,-1.06,CNY,应付,2026年3月31日商家结算款,21796493,,,,JD59993454446007216756,支出,20260331,0
="3448413007718661",="50700126033119396957028107",订单,="10162520317131",="202604010000011463290270031","天旗防爆角磨机磨光机手砂轮无刷锂电切割抛光机电动多功能打磨机 4.0A/20V【俩电标配】",2026-03-25 15:31:35,2026-03-31 16:23:47,2026-04-01 12:40:14,商品保险服务费,-2.15,CNY,应付,2026年3月31日商家结算款,21796493,,,,JD60963448413007718661,支出,20260331,0
="3448413007718661",="10100126033119397101481007",订单,="10162520317131",="202604010000011463290270031","天旗防爆角磨机磨光机手砂轮无刷锂电切割抛光机电动多功能打磨机 4.0A/20V【俩电标配】",2026-03-25 15:31:35,2026-03-25 15:35:26,2026-04-01 12:40:14,交易服务费,-5.31,CNY,应付,2026年3月31日商家结算款,21796493,,,,,支出,20260331,1
="3453460006892081",="50700126033119384536828207",订单,="10165000894208",="202604010000011463290270031","补差价链接",2026-03-30 17:37:46,2026-03-31 09:37:13,2026-04-01 12:40:14,商品保险服务费,-0.60,CNY,应付,2026年3月31日商家结算款,21796493,,,,JD50133453460006892081,支出,20260331,0
="3453423011447285",="50700126033119384148762907",订单,="10179244273655",="202604010000011463290270031","天旗防爆电钻无刷电机化工厂冲击钻孔电起子工业手持电动螺丝刀 20V/2A 无冲击【两电标配】",2026-03-30 17:01:23,2026-03-31 09:14:18,2026-04-01 12:40:14,商品保险服务费,-3.21,CNY,应付,2026年3月31日商家结算款,21796493,,,,JD50133453423011447285,支出,20260331,0
="3453460011307468",="50700126033119384536526207",非销售单,="10162520317132",="202604010000011463290270031","天旗防爆角磨机磨光机手砂轮无刷锂电切割抛光机电动多功能打磨机 5A/20V【俩电标配】",2026-03-30 17:36:15,2026-03-31 09:37:12,2026-04-01 12:40:14,运费保险服务费,-1.97,CNY,应付,2026年3月31日商家结算款,21796493,,,,JD60773453460011307468,支出,20260331,0
="3453460011324445",="50700126033119384539010707",非销售单,="10163132090713",="202604010000011463290270031","天旗防爆电动扳手无刷大扭力轮胎汽修工具化工厂风炮套筒冲击扳手 310N.M 5.0A/20V【俩电标配+22*42防爆套筒】",2026-03-30 18:27:21,2026-03-31 09:37:13,2026-04-01 12:40:14,运费保险服务费,-2.84,CNY,应付,2026年3月31日商家结算款,21796493,,,,JD60773453460011324445,支出,20260331,0
="3448413007718661",="10100126033119397101480907",订单,="10162520317131",="202604010000011463290270031","天旗防爆角磨机磨光机手砂轮无刷锂电切割抛光机电动多功能打磨机 4.0A/20V【俩电标配】",2026-03-25 15:31:35,2026-03-25 15:35:26,2026-04-01 12:40:14,佣金,-70.84,CNY,应付,2026年3月31日商家结算款,21796493,,,,,支出,20260331,1
="3453460011307468",="50700126033119384539209607",订单,="10162520317132",="202604010000011463290270031","天旗防爆角磨机磨光机手砂轮无刷锂电切割抛光机电动多功能打磨机 5A/20V【俩电标配】",2026-03-30 17:36:15,2026-03-31 09:37:12,2026-04-01 12:40:14,商品保险服务费,-2.79,CNY,应付,2026年3月31日商家结算款,21796493,,,,JD50133453460011307468,支出,20260331,0
="3453460011307468",="50700126033119384534234707",订单,="10162520317132",="202604010000011463290270031","天旗防爆角磨机磨光机手砂轮无刷锂电切割抛光机电动多功能打磨机 5A/20V【俩电标配】",2026-03-30 17:36:15,2026-03-31 09:37:12,2026-04-01 12:40:14,商品保险服务费,-0.92,CNY,应付,2026年3月31日商家结算款,21796493,,,,JD50333453460011307468,支出,20260331,0
="3453460011324445",="50700126033119384543182107",非销售单,="10163132090713",="202604010000011463290270031","天旗防爆电动扳手无刷大扭力轮胎汽修工具化工厂风炮套筒冲击扳手 310N.M 5.0A/20V【俩电标配+22*42防爆套筒】",2026-03-30 18:27:21,2026-03-31 09:37:13,2026-04-01 12:40:14,运费保险服务费,-0.62,CNY,应付,2026年3月31日商家结算款,21796493,,,,JD59993453460011324445,支出,20260331,0
="3448413007718661",="10100126033119397101480807",订单,="10162520317131",="202604010000011463290270031","天旗防爆角磨机磨光机手砂轮无刷锂电切割抛光机电动多功能打磨机 4.0A/20V【俩电标配】",2026-03-25 15:31:35,2026-03-25 15:35:26,2026-04-01 12:40:14,货款,885.50,CNY,应收,2026年3月31日商家结算款,21796493,,,,,收入,20260331,1
="3451481002116898",="10100126033119392804776707",订单,="10163132090712",="202604010000011463290270031","天旗防爆电动扳手无刷大扭力轮胎汽修工具化工厂风炮套筒冲击扳手 310N.M 4.0A/20V【俩电标配+22*42防爆套筒】",2026-03-28 09:17:33,2026-03-28 09:20:39,2026-04-01 12:40:14,货款,3625.30,CNY,应收,2026年3月31日商家结算款,21796493,,,,,收入,20260331,4
="3441445017687783",="10100126033119393851592007",订单,="10163132090713",="202604010000011463290270031","天旗防爆电动扳手无刷大扭力轮胎汽修工具化工厂风炮套筒冲击扳手 310N.M 5.0A/20V【俩电标配+22*42防爆套筒】",2026-03-18 20:28:28,2026-03-18 20:31:36,2026-04-01 12:40:14,货款,5739.30,CNY,应收,2026年3月31日商家结算款,21796493,,,,,收入,20260331,6
="3454420011672140",="50700126033119396091736107",非销售单,="10209193916961",="202604010000011463290270031","天旗工业防爆照相机石油化工防爆高清摄影相机 EXSY-2000-P1TQ",2026-03-31 15:13:33,2026-03-31 15:35:44,2026-04-01 12:40:14,运费保险服务费,-0.43,CNY,应付,2026年3月31日商家结算款,21796493,,,,JD60773454420011672140,支出,20260331,0
="3454420011672140",="50700126033119396101775207",订单,="10209193916961",="202604010000011463290270031","天旗工业防爆照相机石油化工防爆高清摄影相机 EXSY-2000-P1TQ",2026-03-31 15:13:33,2026-03-31 15:35:45,2026-04-01 12:40:14,商品保险服务费,-4.74,CNY,应付,2026年3月31日商家结算款,21796493,,,,JD50133454420011672140,支出,20260331,0
="3453423011447285",="50700126033119384152628607",订单,="10179244273655",="202604010000011463290270031","天旗防爆电钻无刷电机化工厂冲击钻孔电起子工业手持电动螺丝刀 20V/2A 无冲击【两电标配】",2026-03-30 17:01:23,2026-03-31 09:14:17,2026-04-01 12:40:14,商品保险服务费,-0.92,CNY,应付,2026年3月31日商家结算款,21796493,,,,JD50333453423011447285,支出,20260331,0
="3451481002116898",="50700126033119393034962207",订单,="10163132090712",="202604010000011463290270031","天旗防爆电动扳手无刷大扭力轮胎汽修工具化工厂风炮套筒冲击扳手 310N.M 4.0A/20V【俩电标配+22*42防爆套筒】",2026-03-28 09:17:33,2026-03-31 13:33:45,2026-04-01 12:40:14,商品保险服务费,-9.03,CNY,应付,2026年3月31日商家结算款,21796493,,,,JD60963451481002116898,支出,20260331,0
="3441445017687783",="10100126033119393851592207",订单,="10163132090713",="202604010000011463290270031","天旗防爆电动扳手无刷大扭力轮胎汽修工具化工厂风炮套筒冲击扳手 310N.M 5.0A/20V【俩电标配+22*42防爆套筒】",2026-03-18 20:28:28,2026-03-18 20:31:36,2026-04-01 12:40:14,交易服务费,-34.44,CNY,应付,2026年3月31日商家结算款,21796493,,,,,支出,20260331,6
="3454446007216756",="50700126033119395436508607",订单,="10162527911098",="202604010000011463290270031","天旗防爆电锤电镐电钻工业多功能混凝土大功率冲击钻电动工具 4.0A/20V【一电标配】",2026-03-31 12:33:34,2026-03-31 15:00:32,2026-04-01 12:40:14,商品保险服务费,-0.92,CNY,应付,2026年3月31日商家结算款,21796493,,,,JD50333454446007216756,支出,20260331,0
="3454420011672140",="50700126033119396086665407",订单,="10209193916961",="202604010000011463290270031","天旗工业防爆照相机石油化工防爆高清摄影相机 EXSY-2000-P1TQ",2026-03-31 15:13:33,2026-03-31 15:35:44,2026-04-01 12:40:14,商品保险服务费,-0.92,CNY,应付,2026年3月31日商家结算款,21796493,,,,JD50333454420011672140,支出,20260331,0
="3451481002116898",="10100126033119392804776807",订单,="10163132090712",="202604010000011463290270031","天旗防爆电动扳手无刷大扭力轮胎汽修工具化工厂风炮套筒冲击扳手 310N.M 4.0A/20V【俩电标配+22*42防爆套筒】",2026-03-28 09:17:33,2026-03-28 09:20:39,2026-04-01 12:40:14,佣金,-290.02,CNY,应付,2026年3月31日商家结算款,21796493,,,,,支出,20260331,4
="3454446007216756",="50700126033119395333148907",订单,="10162527911098",="202604010000011463290270031","天旗防爆电锤电镐电钻工业多功能混凝土大功率冲击钻电动工具 4.0A/20V【一电标配】",2026-03-31 12:33:34,2026-03-31 14:56:18,2026-04-01 12:40:14,商品保险服务费,-2.64,CNY,应付,2026年3月31日商家结算款,21796493,,,,JD50133454446007216756,支出,20260331,0
="3453460011324445",="50700126033119384534037807",订单,="10163132090713",="202604010000011463290270031","天旗防爆电动扳手无刷大扭力轮胎汽修工具化工厂风炮套筒冲击扳手 310N.M 5.0A/20V【俩电标配+22*42防爆套筒】",2026-03-30 18:27:21,2026-03-31 09:37:12,2026-04-01 12:40:14,商品保险服务费,-2.82,CNY,应付,2026年3月31日商家结算款,21796493,,,,JD50133453460011324445,支出,20260331,0
="3441445017687783",="10100126033119393851592107",订单,="10163132090713",="202604010000011463290270031","天旗防爆电动扳手无刷大扭力轮胎汽修工具化工厂风炮套筒冲击扳手 310N.M 5.0A/20V【俩电标配+22*42防爆套筒】",2026-03-18 20:28:28,2026-03-18 20:31:36,2026-04-01 12:40:14,佣金,-459.14,CNY,应付,2026年3月31日商家结算款,21796493,,,,,支出,20260331,6
="3454269007314186",="50700126033119401048790307",订单,="10176597499228",="202604010000011463290270031","天旗防爆电动扳手无刷大扭力轮胎汽修工具化工厂风炮套筒冲击扳手 600N.M 4.0A/21V【俩电标配】",2026-03-31 18:46:43,2026-03-31 18:46:55,2026-04-01 12:40:14,商品保险服务费,-3.43,CNY,应付,2026年3月31日商家结算款,21796493,,,,JD19314847416625993454269007314186,支出,20260331,0
="3454420011672140",="50700126033119396100682007",非销售单,="10209193916961",="202604010000011463290270031","天旗工业防爆照相机石油化工防爆高清摄影相机 EXSY-2000-P1TQ",2026-03-31 15:13:33,2026-03-31 15:35:44,2026-04-01 12:40:14,运费保险服务费,-1.44,CNY,应付,2026年3月31日商家结算款,21796493,,,,JD59993454420011672140,支出,20260331,0
="3451481002116898",="32100126033119391588617307",非销售单,="10163132090712",="202604010000011463290270031","天旗防爆电动扳手无刷大扭力轮胎汽修工具化工厂风炮套筒冲击扳手 310N.M 4.0A/20V【俩电标配+22*42防爆套筒】",2026-03-31 12:56:35,2026-03-31 12:57:05,2026-04-01 12:40:14,随单送的京豆,-3.60,CNY,应付,2026年3月31日商家结算款,21796493,,,,,支出,20260331,0
="3454446007216756",="50700126033119395455894507",非销售单,="10162527911098",="202604010000011463290270031","天旗防爆电锤电镐电钻工业多功能混凝土大功率冲击钻电动工具 4.0A/20V【一电标配】",2026-03-31 12:33:34,2026-03-31 15:01:19,2026-04-01 12:40:14,运费保险服务费,-0.75,CNY,应付,2026年3月31日商家结算款,21796493,,,,JD60773454446007216756,支出,20260331,0
="3447233005366331",="10100126033119397137415907",订单,="10163132090713",="202604010000011463290270031","天旗防爆电动扳手无刷大扭力轮胎汽修工具化工厂风炮套筒冲击扳手 310N.M 5.0A/20V【俩电标配+22*42防爆套筒】",2026-03-24 12:06:45,2026-03-24 12:09:52,2026-04-01 12:40:14,佣金,-74.76,CNY,应付,2026年3月31日商家结算款,21796493,,,,,支出,20260331,1
="3453460011324445",="50700126033119384539111907",订单,="10163132090713",="202604010000011463290270031","天旗防爆电动扳手无刷大扭力轮胎汽修工具化工厂风炮套筒冲击扳手 310N.M 5.0A/20V【俩电标配+22*42防爆套筒】",2026-03-30 18:27:21,2026-03-31 09:37:12,2026-04-01 12:40:14,商品保险服务费,-0.92,CNY,应付,2026年3月31日商家结算款,21796493,,,,JD50333453460011324445,支出,20260331,0
="3447233005366331",="10100126033119397137415807",订单,="10163132090713",="202604010000011463290270031","天旗防爆电动扳手无刷大扭力轮胎汽修工具化工厂风炮套筒冲击扳手 310N.M 5.0A/20V【俩电标配+22*42防爆套筒】",2026-03-24 12:06:45,2026-03-24 12:09:52,2026-04-01 12:40:14,货款,934.50,CNY,应收,2026年3月31日商家结算款,21796493,,,,,收入,20260331,1
